path,name,ext,bytes,sr,duration,channels,subtype,label,class,rms,peak,silent_frac
Real_Audios\real_001.wav,real_001.wav,.wav,84509262,44100,479.0770068027211,2,PCM_16,0,real,0.014010249637067318,0.5981675386428833,0.012270833333333333
Real_Audios\real_002.wav,real_002.wav,.wav,382845006,44100,2170.322721088435,2,PCM_16,0,real,0.012835685163736343,0.7380588054656982,0.015520833333333333
Real_Audios\real_003.wav,real_003.wav,.wav,11853902,48000,61.73866666666667,2,PCM_16,0,real,0.12975133955478668,0.8353247046470642,0.038375
Real_Audios\real_004.wav,real_004.wav,.wav,6201422,48000,32.29866666666667,2,PCM_16,0,real,0.12626376748085022,0.7435550093650818,0.032677083333333336
Real_Audios\real_005.wav,real_005.wav,.wav,10759832,44100,60.99591836734694,2,PCM_16,0,real,0.12528562545776367,0.7652044892311096,0.0075
Real_Audios\real_006.wav,real_006.wav,.wav,5893784,44100,33.41061224489796,2,PCM_16,0,real,0.09819786250591278,0.770403265953064,0.00990625
Real_Audios\real_007.wav,real_007.wav,.wav,9259758,22050,209.97006802721089,1,PCM_16,0,real,0.0036228082608431578,0.05111828073859215,0.613375
Real_Audios\real_008.wav,real_008.wav,.wav,12243022,48000,63.76533333333333,2,PCM_16,0,real,0.03140515089035034,0.260434091091156,0.03432291666666667
Real_Audios\real_009.wav,real_009.wav,.wav,14319694,48000,74.58133333333333,2,PCM_16,0,real,0.02147000841796398,0.17391633987426758,0.03786458333333333
Real_Audios\real_010.wav,real_010.wav,.wav,10391192,44100,58.906122448979595,2,PCM_16,0,real,0.11802385747432709,0.7651479840278625,0.007427083333333333
Real_Audios\real_011.wav,real_011.wav,.wav,12487832,44100,70.79183673469387,2,PCM_16,0,real,0.07326029241085052,0.6161360144615173,0.0060416666666666665
Real_Audios\real_012.wav,real_012.wav,.wav,13721678,48000,71.46666666666667,2,PCM_16,0,real,0.06837382167577744,0.6974586844444275,0.03896875
Real_Audios\real_013.wav,real_013.wav,.wav,7356494,48000,38.31466666666667,2,PCM_16,0,real,0.10311497002840042,0.6932826638221741,0.03147916666666667
Real_Audios\real_014.wav,real_014.wav,.wav,17633358,48000,91.84,2,PCM_16,0,real,0.07381177693605423,0.5863076448440552,0.03721875
Real_Audios\real_015.wav,real_015.wav,.wav,7073432,44100,40.09795918367347,2,PCM_16,0,real,0.1152452751994133,0.7331414818763733,0.009104166666666667
Real_Audios\real_016.wav,real_016.wav,.wav,11372696,44100,64.47020408163266,2,PCM_16,0,real,0.12517210841178894,0.7183214426040649,0.007239583333333333
Real_Audios\real_017.wav,real_017.wav,.wav,16427672,44100,93.12653061224489,2,PCM_16,0,real,0.10663968324661255,0.7339684963226318,0.00621875
Real_Audios\real_018.wav,real_018.wav,.wav,11871464,22050,269.19242630385486,1,PCM_16,0,real,0.016044585034251213,0.4164004325866699,0.08298958333333334
Real_Audios\real_019.wav,real_019.wav,.wav,319566,24000,6.656,1,PCM_16,0,real,0.11412598192691803,0.6219680905342102,0.06266666666666666
Real_Audios\real_020.wav,real_020.wav,.wav,299086,24000,6.229333333333333,1,PCM_16,0,real,0.1046820804476738,0.6520459055900574,0.12658333333333333
Real_Audios\real_021.wav,real_021.wav,.wav,284750,24000,5.930666666666666,1,PCM_16,0,real,0.11461897939443588,0.6220979690551758,0.16952081862347324
Real_Audios\real_022.wav,real_022.wav,.wav,15487566,44100,175.59510204081633,1,PCM_16,0,real,0.2808211147785187,1.1911485195159912,0.0378125
Real_Audios\real_023.wav,real_023.wav,.wav,16102734,44100,182.56979591836733,1,PCM_16,0,real,0.33302950859069824,1.129902958869934,0.040979166666666664
Real_Audios\real_024.wav,real_024.wav,.wav,353774,16000,11.053,1,PCM_16,0,real,0.0145901283249259,0.130126953125,0.12957291666666668
Real_Audios\real_025.wav,real_025.wav,.wav,342246,16000,10.69275,1,PCM_16,0,real,0.01574486680328846,0.097137451171875,0.11815625
Real_Audios\real_026.wav,real_026.wav,.wav,408366,16000,12.759,1,PCM_16,0,real,0.030036792159080505,0.309906005859375,0.02634375
Real_Audios\real_027.wav,real_027.wav,.wav,410094,16000,12.813,1,PCM_16,0,real,0.053420428186655045,0.534576416015625,0.048927083333333336
Real_Audios\real_028.wav,real_028.wav,.wav,363470,16000,11.356,1,PCM_16,0,real,0.029414089396595955,0.31463623046875,0.10007291666666666
Real_Audios\real_029.wav,real_029.wav,.wav,338990,16000,10.591,1,PCM_16,0,real,0.024351000785827637,0.214813232421875,0.10283333333333333
Real_Audios\real_030.wav,real_030.wav,.wav,361966,16000,11.309,1,PCM_16,0,real,0.014629609882831573,0.132598876953125,0.13015625
Real_Audios\real_031.wav,real_031.wav,.wav,387758,16000,12.115,1,PCM_16,0,real,0.02511797659099102,0.304351806640625,0.08335416666666666
Real_Audios\real_032.wav,real_032.wav,.wav,399022,16000,12.467,1,PCM_16,0,real,0.010209353640675545,0.0926513671875,0.12709375
Real_Audios\real_033.wav,real_033.wav,.wav,385262,16000,12.037,1,PCM_16,0,real,0.02671365812420845,0.2476806640625,0.10721875
Real_Audios\real_034.wav,real_034.wav,.wav,11950606,22050,270.98702947845806,1,PCM_16,0,real,0.04186760261654854,0.5519548654556274,0.02276041666666667
Real_Audios\real_035.wav,real_035.wav,.wav,22634854,22050,513.2602267573697,1,PCM_16,0,real,0.010202995501458645,0.07056047022342682,0.5120520833333333
Real_Audios\real_036.wav,real_036.wav,.wav,11554894,22050,262.01396825396824,1,PCM_16,0,real,0.003003455698490143,0.033518947660923004,0.5331354166666666
Real_Audios\real_037.wav,real_037.wav,.wav,27858264,22050,631.7048979591837,1,PCM_16,0,real,0.04839562624692917,0.3203219771385193,0.004375
Real_Audios\real_038.wav,real_038.wav,.wav,301134,24000,6.272,1,PCM_16,0,real,0.10818764567375183,0.5692980289459229,0.13215625
Real_Audios\real_039.wav,real_039.wav,.wav,18116574,44100,205.40244897959184,1,PCM_16,0,real,0.2117779701948166,1.0294893980026245,0.01075
Real_Audios\real_040.wav,real_040.wav,.wav,17536734,44100,198.8282993197279,1,PCM_16,0,real,0.2745869755744934,1.0357283353805542,0.010364583333333333
Real_Audios\real_041.wav,real_041.wav,.wav,682062,48000,7.104,1,PCM_16,0,real,0.10179213434457779,0.6335985660552979,0.07123958333333333
Real_Audios\real_042.wav,real_042.wav,.wav,18952270,48000,98.70933333333333,2,PCM_16,0,real,0.003821877995505929,0.020793356001377106,0.043916666666666666
Real_Audios\real_043.wav,real_043.wav,.wav,24526926,48000,127.744,2,PCM_16,0,real,0.005780091043561697,0.06116722524166107,0.04590625
Real_Audios\real_044.wav,real_044.wav,.wav,14128280,44100,80.09142857142857,2,PCM_16,0,real,0.09878453612327576,0.7496045827865601,0.008177083333333333
Real_Audios\real_045.wav,real_045.wav,.wav,19828376,44100,112.40489795918367,2,PCM_16,0,real,0.08113517612218857,0.7255449295043945,0.009260416666666667
Real_Audios\real_046.wav,real_046.wav,.wav,16158590,44100,183.20308390022674,1,PCM_16,0,real,0.3658430874347687,1.0203888416290283,0.08273958333333334
Real_Audios\real_047.wav,real_047.wav,.wav,15204350,44100,172.38403628117914,1,PCM_16,0,real,0.40026789903640747,1.030176043510437,0.029125
Real_Audios\real_048.wav,real_048.wav,.wav,260174,24000,5.418666666666667,1,PCM_16,0,real,0.06372636556625366,0.3274363875389099,0.018523858406671357
Real_Audios\real_049.wav,real_049.wav,.wav,6648054,22050,150.74775510204083,1,PCM_16,0,real,0.04257464408874512,0.4001430869102478,0.030427083333333334
Real_Audios\real_050.wav,real_050.wav,.wav,716878,48000,7.466666666666667,1,PCM_16,0,real,0.15474463999271393,0.7924370765686035,0.037572916666666664
Real_Audios\real_051.wav,real_051.wav,.wav,17924140,48000,186.70897916666667,1,PCM_16,0,real,0.0476258285343647,0.43267056345939636,0.0017083333333333334
Real_Audios\real_052.wav,real_052.wav,.wav,38942358,48000,405.64875,1,PCM_16,0,real,0.009925608523190022,0.4594156742095947,0.024447916666666666
Real_Audios\real_053.wav,real_053.wav,.wav,20703982,48000,215.66566666666668,1,PCM_16,0,real,0.017975468188524246,1.1962655782699585,0.0256875
Real_Audios\real_054.wav,real_054.wav,.wav,1255730,48000,13.079708333333333,1,PCM_16,0,real,0.004355558194220066,0.04639210179448128,0.5615625
Real_Audios\real_055.wav,real_055.wav,.wav,1403076,48000,14.6145625,1,PCM_16,0,real,0.0068893819116055965,0.07389302551746368,0.51146875
Real_Audios\real_056.wav,real_056.wav,.wav,1335814,48000,13.913916666666667,1,PCM_16,0,real,0.007253000047057867,0.06609320640563965,0.44084375
Real_Audios\real_057.wav,real_057.wav,.wav,1265342,48000,13.179833333333333,1,PCM_16,0,real,0.004733311478048563,0.04529428482055664,0.54021875
Real_Audios\real_058.wav,real_058.wav,.wav,1339016,48000,13.947270833333333,1,PCM_16,0,real,0.002676180563867092,0.03815525770187378,0.50875
Real_Audios\real_059.wav,real_059.wav,.wav,1323000,48000,13.7804375,1,PCM_16,0,real,0.00321310106664896,0.029812367632985115,0.49259375
Real_Audios\real_060.wav,real_060.wav,.wav,1495974,48000,15.58225,1,PCM_16,0,real,0.004449454601854086,0.051133908331394196,0.45530208333333333
Real_Audios\real_061.wav,real_061.wav,.wav,1361438,48000,14.180833333333334,1,PCM_16,0,real,0.004400290083140135,0.03820956498384476,0.39607291666666666
Real_Audios\real_062.wav,real_062.wav,.wav,1252532,48000,13.046395833333333,1,PCM_16,0,real,0.001770695555023849,0.020421575754880905,0.4150729166666667
Real_Audios\real_063.wav,real_063.wav,.wav,1419096,48000,14.7814375,1,PCM_16,0,real,0.014936954714357853,0.1168389618396759,0.39165625
Real_Audios\real_064.wav,real_064.wav,.wav,1210890,48000,12.612625,1,PCM_16,0,real,0.003715899772942066,0.03015490621328354,0.48982291666666666
Real_Audios\real_065.wav,real_065.wav,.wav,1383862,48000,14.414416666666666,1,PCM_16,0,real,0.004382363986223936,0.03788209706544876,0.48735416666666664
Real_Audios\real_066.wav,real_066.wav,.wav,1207682,48000,12.579208333333334,1,PCM_16,0,real,0.0036512415390461683,0.045538343489170074,0.5850208333333333
Real_Audios\real_067.wav,real_067.wav,.wav,1329406,48000,13.847166666666666,1,PCM_16,0,real,0.0020526282023638487,0.018400203436613083,0.5732916666666666
Real_Audios\real_068.wav,real_068.wav,.wav,1310186,48000,13.646958333333334,1,PCM_16,0,real,0.007510366849601269,0.1009896844625473,0.46865625
Real_Audios\real_069.wav,real_069.wav,.wav,1406284,48000,14.647979166666667,1,PCM_16,0,real,0.005371099803596735,0.05394342541694641,0.5050625
Real_Audios\real_070.wav,real_070.wav,.wav,1374250,48000,14.314291666666668,1,PCM_16,0,real,0.007262490689754486,0.08874430507421494,0.40565625
Real_Audios\real_071.wav,real_071.wav,.wav,1339018,48000,13.947291666666667,1,PCM_16,0,real,0.003298369934782386,0.020257992669939995,0.49603125
Real_Audios\real_072.wav,real_072.wav,.wav,1271748,48000,13.2465625,1,PCM_16,0,real,0.0037799631245434284,0.03249046579003334,0.42473958333333334
Real_Audios\real_073.wav,real_073.wav,.wav,1345422,48000,14.014,1,PCM_16,0,real,0.0033477956894785166,0.03233054280281067,0.5220416666666666
Real_Audios\real_074.wav,real_074.wav,.wav,1447924,48000,15.081729166666667,1,PCM_16,0,real,0.010691015049815178,0.11736338585615158,0.48604166666666665
Real_Audios\real_075.wav,real_075.wav,.wav,1364640,48000,14.2141875,1,PCM_16,0,real,0.004191162064671516,0.04835478588938713,0.4982916666666667
Real_Audios\real_076.wav,real_076.wav,.wav,1444720,48000,15.048354166666666,1,PCM_16,0,real,0.00877199787646532,0.08333317935466766,0.5222916666666667
Real_Audios\real_077.wav,real_077.wav,.wav,1399878,48000,14.58125,1,PCM_16,0,real,0.004487132653594017,0.04069211333990097,0.5215729166666667
Real_Audios\real_078.wav,real_078.wav,.wav,23569546,48000,245.51529166666666,1,PCM_16,0,real,0.08531355112791061,1.3715052604675293,0.0031666666666666666
Real_Audios\real_079.wav,real_079.wav,.wav,16834246,48000,175.35591666666667,1,PCM_16,0,real,0.03440720587968826,0.20399098098278046,0.0026666666666666666
Real_Audios\real_080.wav,real_080.wav,.wav,270414,24000,5.632,1,PCM_16,0,real,0.10935503989458084,0.6161945462226868,0.1790438565340909
Real_Audios\real_081.wav,real_081.wav,.wav,7439480,22050,168.69392290249434,1,PCM_16,0,real,0.038832858204841614,0.6517300605773926,0.03222916666666667
Real_Audios\real_082.wav,real_082.wav,.wav,24901710,48000,129.696,2,PCM_16,0,real,0.04190732166171074,0.26334911584854126,0.0304375
Real_Audios\real_083.wav,real_083.wav,.wav,11576452,44100,131.25140589569162,1,PCM_16,0,real,0.021395212039351463,0.12383931875228882,0.20042708333333334
Real_Audios\real_084.wav,real_084.wav,.wav,11576452,44100,131.25140589569162,1,PCM_16,0,real,0.021401336416602135,0.12355436384677887,0.20034375
Real_Audios\real_085.wav,real_085.wav,.wav,7782430,22050,176.47056689342404,1,PCM_16,0,real,0.04775257408618927,0.4986308515071869,0.06607291666666666
Real_Audios\real_086.wav,real_086.wav,.wav,11391054,48000,59.328,2,PCM_16,0,real,0.07107386738061905,0.4398314952850342,0.03346875
Real_Audios\real_087.wav,real_087.wav,.wav,10925720,44100,61.93632653061224,2,PCM_16,0,real,0.10580495744943619,0.7303997278213501,0.007208333333333333
Real_Audios\real_088.wav,real_088.wav,.wav,10156708,22050,230.3090702947846,1,PCM_16,0,real,0.02283753640949726,0.22987093031406403,0.35263541666666665
Real_Audios\real_089.wav,real_089.wav,.wav,17039438,44100,193.19002267573697,1,PCM_16,0,real,0.4225664734840393,1.0556045770645142,0.05923958333333333
Real_Audios\real_090.wav,real_090.wav,.wav,15374414,44100,174.31219954648526,1,PCM_16,0,real,0.32293394207954407,1.1281812191009521,0.057166666666666664
Real_Audios\real_091.wav,real_091.wav,.wav,15202014,44100,172.35755102040815,1,PCM_16,0,real,0.129924938082695,1.006963849067688,0.0022604166666666667
Real_Audios\real_092.wav,real_092.wav,.wav,14422494,44100,163.51945578231292,1,PCM_16,0,real,0.18001046776771545,1.013983130455017,0.0018645833333333333
Real_Audios\real_093.wav,real_093.wav,.wav,290894,24000,6.058666666666666,1,PCM_16,0,real,0.10660931468009949,0.5650663375854492,0.16994791666666667
Real_Audios\real_094.wav,real_094.wav,.wav,13213774,48000,68.82133333333333,2,PCM_16,0,real,0.08615739643573761,0.7438380718231201,0.043375
Real_Audios\real_095.wav,real_095.wav,.wav,8888398,48000,46.29333333333334,2,PCM_16,0,real,0.07170575857162476,0.7565319538116455,0.038239583333333334
Real_Audios\real_096.wav,real_096.wav,.wav,12851864,44100,72.85551020408164,2,PCM_16,0,real,0.06759466230869293,0.8184369802474976,0.010947916666666667
Real_Audios\real_097.wav,real_097.wav,.wav,8322204,44100,47.177142857142854,2,PCM_16,0,real,0.08019101619720459,0.7904915809631348,0.007666666666666666
Real_Audios\real_098.wav,real_098.wav,.wav,17370110,44100,196.93913832199547,1,PCM_16,0,real,0.24955593049526215,1.0451494455337524,0.035625
Real_Audios\real_099.wav,real_099.wav,.wav,17360510,44100,196.8302947845805,1,PCM_16,0,real,0.28554221987724304,1.015656590461731,0.017604166666666667
Real_Audios\real_100.wav,real_100.wav,.wav,21702734,44100,246.06185941043083,1,PCM_16,0,real,0.14022135734558105,1.0255707502365112,0.026354166666666668
Real_Audios\real_101.wav,real_101.wav,.wav,18675790,44100,211.7427664399093,1,PCM_16,0,real,0.2163143754005432,1.0277926921844482,0.0032916666666666667
Real_Audios\real_102.wav,real_102.wav,.wav,14758910,44100,167.33369614512472,1,PCM_16,0,real,0.10324955731630325,1.004583477973938,0.043895833333333335
Real_Audios\real_103.wav,real_103.wav,.wav,14265470,44100,161.73913832199545,1,PCM_16,0,real,0.10673113912343979,1.014587640762329,0.03655208333333333
Real_Audios\real_104.wav,real_104.wav,.wav,8125382,22050,184.24725623582768,1,PCM_16,0,real,0.12521903216838837,0.8685934543609619,0.0259375
Real_Audios\real_105.wav,real_105.wav,.wav,16778304,22050,380.4586394557823,1,PCM_16,0,real,0.055019810795784,0.42847371101379395,0.0035416666666666665
Real_Audios\real_106.wav,real_106.wav,.wav,7348302,48000,38.272,2,PCM_16,0,real,0.08236481994390488,0.7857773900032043,0.020322916666666666
Real_Audios\real_107.wav,real_107.wav,.wav,13160526,48000,68.544,2,PCM_16,0,real,0.09010961651802063,0.40595197677612305,0.012947916666666667
Real_Audios\real_108.wav,real_108.wav,.wav,14360654,48000,74.79466666666667,2,PCM_16,0,real,0.08198053389787674,0.7447789907455444,0.029635416666666668
Real_Audios\real_109.wav,real_109.wav,.wav,15581262,48000,81.152,2,PCM_16,0,real,0.08879745751619339,0.5184094905853271,0.022822916666666665
Real_Audios\real_110.wav,real_110.wav,.wav,10502222,48000,54.69866666666667,2,PCM_16,0,real,0.09500709176063538,0.6001967787742615,0.02027083333333333
Real_Audios\real_111.wav,real_111.wav,.wav,2703438,48000,14.08,2,PCM_16,0,real,0.12337732315063477,0.8001625537872314,0.03365625
Real_Audios\real_112.wav,real_112.wav,.wav,1683534,48000,8.768,2,PCM_16,0,real,0.16127614676952362,0.9017652869224548,0.06235416666666667
Real_Audios\real_113.wav,real_113.wav,.wav,917582,48000,4.778666666666667,2,PCM_16,0,real,0.17313627898693085,0.8889510631561279,0.05654010646228698
Real_Audios\real_114.wav,real_114.wav,.wav,2433102,48000,12.672,2,PCM_16,0,real,0.07735639065504074,0.5317714214324951,0.04652083333333333
Real_Audios\real_115.wav,real_115.wav,.wav,909390,48000,4.736,2,PCM_16,0,real,0.1401454508304596,0.880075216293335,0.05221970016891892
Real_Audios\real_116.wav,real_116.wav,.wav,3629134,48000,18.901333333333334,2,PCM_16,0,real,0.15977327525615692,0.8989263772964478,0.0484375
Real_Audios\real_117.wav,real_117.wav,.wav,2457678,48000,12.8,2,PCM_16,0,real,0.17145521938800812,0.9033399820327759,0.03972916666666667
Real_Audios\real_118.wav,real_118.wav,.wav,4395086,48000,22.890666666666668,2,PCM_16,0,real,0.15613898634910583,0.8947131633758545,0.04022916666666667
Real_Audios\real_119.wav,real_119.wav,.wav,753742,48000,3.925333333333333,2,PCM_16,0,real,0.17487335205078125,0.8983147144317627,0.06822596567206955
Real_Audios\real_120.wav,real_120.wav,.wav,3395662,48000,17.685333333333332,2,PCM_16,0,real,0.07193242013454437,0.8830721378326416,0.13790625
Real_Audios\real_121.wav,real_121.wav,.wav,1290318,48000,6.72,2,PCM_16,0,real,0.1617165207862854,0.8937078714370728,0.0851875
Real_Audios\real_122.wav,real_122.wav,.wav,4673614,48000,24.341333333333335,2,PCM_16,0,real,0.1585165411233902,0.8874634504318237,0.039260416666666666
Real_Audios\real_123.wav,real_123.wav,.wav,3862606,48000,20.117333333333335,2,PCM_16,0,real,0.17603406310081482,0.90326988697052,0.04847916666666666
Real_Audios\real_124.wav,real_124.wav,.wav,2478158,48000,12.906666666666666,2,PCM_16,0,real,0.07755264639854431,0.4094820022583008,0.0665
Real_Audios\real_125.wav,real_125.wav,.wav,3203150,48000,16.682666666666666,2,PCM_16,0,real,0.1343776285648346,0.8916001915931702,0.060885416666666664
Real_Audios\real_126.wav,real_126.wav,.wav,4079694,48000,21.248,2,PCM_16,0,real,0.15271063148975372,0.8917884230613708,0.059666666666666666
Real_Audios\real_127.wav,real_127.wav,.wav,7856206,48000,40.91733333333333,2,PCM_16,0,real,0.07380306720733643,0.8111705780029297,0.04
Real_Audios\real_128.wav,real_128.wav,.wav,2027598,48000,10.56,2,PCM_16,0,real,0.14972439408302307,0.9055808186531067,0.03467708333333333
Real_Audios\real_129.wav,real_129.wav,.wav,3981390,48000,20.736,2,PCM_16,0,real,0.12770633399486542,0.8931007385253906,0.05590625
Real_Audios\real_130.wav,real_130.wav,.wav,3391566,48000,17.664,2,PCM_16,0,real,0.07628399133682251,0.41814273595809937,0.04448958333333333
Real_Audios\real_131.wav,real_131.wav,.wav,5623886,48000,29.290666666666667,2,PCM_16,0,real,0.14550578594207764,0.8882259130477905,0.03966666666666667
Real_Audios\real_132.wav,real_132.wav,.wav,6115406,48000,31.850666666666665,2,PCM_16,0,real,0.08244415372610092,0.8793472051620483,0.042833333333333334
Real_Audios\real_133.wav,real_133.wav,.wav,7516238,48000,39.14666666666667,2,PCM_16,0,real,0.1559572070837021,0.8998626470565796,0.06204166666666667
Real_Audios\real_134.wav,real_134.wav,.wav,2809934,48000,14.634666666666666,2,PCM_16,0,real,0.06143694370985031,0.7424169778823853,0.049
Real_Audios\real_135.wav,real_135.wav,.wav,4395086,48000,22.890666666666668,2,PCM_16,0,real,0.1278366595506668,0.8876195549964905,0.03635416666666667
Real_Audios\real_136.wav,real_136.wav,.wav,7581774,48000,39.488,2,PCM_16,0,real,0.14470094442367554,0.6332688927650452,0.034041666666666665
Real_Audios\real_137.wav,real_137.wav,.wav,4108366,48000,21.397333333333332,2,PCM_16,0,real,0.18500873446464539,0.9052117466926575,0.03327083333333333
Real_Audios\real_138.wav,real_138.wav,.wav,3870798,48000,20.16,2,PCM_16,0,real,0.1483612209558487,0.8920592665672302,0.07391666666666667
Real_Audios\real_139.wav,real_139.wav,.wav,4194382,48000,21.845333333333333,2,PCM_16,0,real,0.14175835251808167,0.89530348777771,0.07357291666666667
Real_Audios\real_140.wav,real_140.wav,.wav,4345934,48000,22.634666666666668,2,PCM_16,0,real,0.11948748677968979,0.9010688662528992,0.075625
Real_Audios\real_141.wav,real_141.wav,.wav,6131790,48000,31.936,2,PCM_16,0,real,0.16340768337249756,0.8897371292114258,0.045697916666666664
Real_Audios\real_142.wav,real_142.wav,.wav,2748494,48000,14.314666666666668,2,PCM_16,0,real,0.13884782791137695,0.9063806533813477,0.08585416666666666
Real_Audios\real_143.wav,real_143.wav,.wav,835662,48000,4.352,2,PCM_16,0,real,0.15237587690353394,0.8977750539779663,0.05810546875
Real_Audios\real_144.wav,real_144.wav,.wav,843854,48000,4.394666666666667,2,PCM_16,0,real,0.1681906282901764,0.9151425361633301,0.08417834032567731
Real_Audios\real_145.wav,real_145.wav,.wav,1036366,48000,5.397333333333333,2,PCM_16,0,real,0.13526253402233124,0.9084694981575012,0.10236457537228745
Real_Audios\real_146.wav,real_146.wav,.wav,1159246,48000,6.037333333333334,2,PCM_16,0,real,0.129117950797081,0.9103734493255615,0.061447916666666665
Real_Audios\real_147.wav,real_147.wav,.wav,1155150,48000,6.016,2,PCM_16,0,real,0.14383971691131592,0.8996797204017639,0.11369791666666666
Real_Audios\real_148.wav,real_148.wav,.wav,1019982,48000,5.312,2,PCM_16,0,real,0.12813983857631683,0.911389172077179,0.0783250188253012
Real_Audios\real_149.wav,real_149.wav,.wav,852046,48000,4.437333333333333,2,PCM_16,0,real,0.11427773535251617,0.9024074077606201,0.10853826868362489
Real_Audios\real_150.wav,real_150.wav,.wav,913486,48000,4.757333333333333,2,PCM_16,0,real,0.10666155815124512,0.8898220658302307,0.06817047216164376
Real_Audios\real_151.wav,real_151.wav,.wav,876622,48000,4.565333333333333,2,PCM_16,0,real,0.12016694992780685,0.9027504324913025,0.08516551214303315
Real_Audios\real_152.wav,real_152.wav,.wav,958542,48000,4.992,2,PCM_16,0,real,0.12364725768566132,0.8905029296875,0.08025340544871795
Real_Audios\real_153.wav,real_153.wav,.wav,974926,48000,5.077333333333334,2,PCM_16,0,real,0.11553874611854553,0.8903844952583313,0.0729584677121544
Real_Audios\real_154.wav,real_154.wav,.wav,1286222,48000,6.698666666666667,2,PCM_16,0,real,0.13069041073322296,0.8962698578834534,0.05415625
Real_Audios\real_155.wav,real_155.wav,.wav,1237070,48000,6.442666666666667,2,PCM_16,0,real,0.13745707273483276,0.8965741395950317,0.06310416666666667
Real_Audios\real_156.wav,real_156.wav,.wav,1327182,48000,6.912,2,PCM_16,0,real,0.10467350482940674,0.7445377707481384,0.05645833333333333
Real_Audios\real_157.wav,real_157.wav,.wav,1204302,48000,6.272,2,PCM_16,0,real,0.1316920518875122,0.8970193266868591,0.040739583333333336
Real_Audios\real_158.wav,real_158.wav,.wav,1228878,48000,6.4,2,PCM_16,0,real,0.12714794278144836,0.8965210914611816,0.05565625
Real_Audios\real_159.wav,real_159.wav,.wav,938062,48000,4.8853333333333335,2,PCM_16,0,real,0.13600961863994598,0.8936859965324402,0.06282782795588875
Real_Audios\real_160.wav,real_160.wav,.wav,1273934,48000,6.634666666666667,2,PCM_16,0,real,0.08142057806253433,0.68707275390625,0.09852083333333334
Real_Audios\real_161.wav,real_161.wav,.wav,1097806,48000,5.717333333333333,2,PCM_16,0,real,0.09993589669466019,0.8841718435287476,0.0652506613612016
Real_Audios\real_162.wav,real_162.wav,.wav,1421390,48000,7.402666666666667,2,PCM_16,0,real,0.11421985179185867,0.7443946599960327,0.08354166666666667
Real_Audios\real_163.wav,real_163.wav,.wav,1130574,48000,5.888,2,PCM_16,0,real,0.10261569172143936,0.8804417848587036,0.09068231997282608
Real_Audios\real_164.wav,real_164.wav,.wav,1245262,48000,6.485333333333333,2,PCM_16,0,real,0.09175290167331696,0.8760777711868286,0.10201041666666667
Real_Audios\real_165.wav,real_165.wav,.wav,1351758,48000,7.04,2,PCM_16,0,real,0.0887238159775734,0.8748288154602051,0.06865625
Real_Audios\real_166.wav,real_166.wav,.wav,1151054,48000,5.994666666666666,2,PCM_16,0,real,0.13975393772125244,0.8924373984336853,0.061867278319345256
Real_Audios\real_167.wav,real_167.wav,.wav,1232974,48000,6.421333333333333,2,PCM_16,0,real,0.10164906829595566,0.8965874910354614,0.06623958333333334
Real_Audios\real_168.wav,real_168.wav,.wav,1212494,48000,6.314666666666667,2,PCM_16,0,real,0.10852260887622833,0.8915575742721558,0.08814583333333334
Real_Audios\real_169.wav,real_169.wav,.wav,1134670,48000,5.9093333333333335,2,PCM_16,0,real,0.15012168884277344,0.9041796922683716,0.06877842411422527
Real_Audios\real_170.wav,real_170.wav,.wav,962638,48000,5.013333333333334,2,PCM_16,0,real,0.1461470127105713,0.9004088640213013,0.09422295359912235
Real_Audios\real_171.wav,real_171.wav,.wav,979022,48000,5.0986666666666665,2,PCM_16,0,real,0.15735448896884918,0.9010993838310242,0.049350935902622
Real_Audios\real_172.wav,real_172.wav,.wav,1024078,48000,5.333333333333333,2,PCM_16,0,real,0.14642618596553802,0.9059547185897827,0.056999554690978976
Real_Audios\real_173.wav,real_173.wav,.wav,1138766,48000,5.930666666666666,2,PCM_16,0,real,0.14388838410377502,0.8990598917007446,0.08589855729205088
Real_Audios\real_174.wav,real_174.wav,.wav,995406,48000,5.184,2,PCM_16,0,real,0.1460273116827011,0.9052978754043579,0.07388117283950617
Real_Audios\real_175.wav,real_175.wav,.wav,852046,48000,4.437333333333333,2,PCM_16,0,real,0.15657281875610352,0.9005173444747925,0.06884700977492324
Real_Audios\real_176.wav,real_176.wav,.wav,860238,48000,4.48,2,PCM_16,0,real,0.1699245274066925,0.9038738012313843,0.08247767857142857
Real_Audios\real_177.wav,real_177.wav,.wav,1126478,48000,5.866666666666666,2,PCM_16,0,real,0.1500210016965866,0.9072385430335999,0.09491088454941567
Real_Audios\real_178.wav,real_178.wav,.wav,1036366,48000,5.397333333333333,2,PCM_16,0,real,0.09299187362194061,0.8162665963172913,0.05212024363695315
Real_Audios\real_179.wav,real_179.wav,.wav,790606,48000,4.117333333333334,2,PCM_16,0,real,0.1600332260131836,0.8872898817062378,0.06539360636327757
Real_Audios\real_180.wav,real_180.wav,.wav,1003598,48000,5.226666666666667,2,PCM_16,0,real,0.11658570170402527,0.8909747004508972,0.101582024944097
Real_Audios\real_181.wav,real_181.wav,.wav,1060942,48000,5.525333333333333,2,PCM_16,0,real,0.1425209492444992,0.889293372631073,0.07982489876252744
Real_Audios\real_182.wav,real_182.wav,.wav,1105998,48000,5.76,2,PCM_16,0,real,0.13547034561634064,0.918424129486084,0.08753255208333334
Real_Audios\real_183.wav,real_183.wav,.wav,1417294,48000,7.381333333333333,2,PCM_16,0,real,0.1363849937915802,0.8973867297172546,0.053635416666666665
Real_Audios\real_184.wav,real_184.wav,.wav,901198,48000,4.693333333333333,2,PCM_16,0,real,0.11210840940475464,0.8804771900177002,0.05964524462673449
Real_Audios\real_185.wav,real_185.wav,.wav,1646670,48000,8.576,2,PCM_16,0,real,0.14397411048412323,0.9016188383102417,0.0656875
Real_Audios\real_186.wav,real_186.wav,.wav,995406,48000,5.184,2,PCM_16,0,real,0.13731925189495087,0.8864489793777466,0.0933521412037037
Real_Audios\real_187.wav,real_187.wav,.wav,856142,48000,4.458666666666667,2,PCM_16,0,real,0.15488481521606445,0.8954973816871643,0.06554619492844026
Real_Audios\real_188.wav,real_188.wav,.wav,979022,48000,5.0986666666666665,2,PCM_16,0,real,0.1450333595275879,0.9151379466056824,0.07526446757131125
Real_Audios\real_189.wav,real_189.wav,.wav,901198,48000,4.693333333333333,2,PCM_16,0,real,0.1541806012392044,0.9062722325325012,0.07248248861427012
Real_Audios\real_190.wav,real_190.wav,.wav,1192014,48000,6.208,2,PCM_16,0,real,0.12074808031320572,0.8929877877235413,0.08283333333333333
Real_Audios\real_191.wav,real_191.wav,.wav,7159886,48000,74.58133333333333,1,PCM_16,0,real,0.010607687756419182,0.1430516242980957,0.4176770833333333
Real_Audios\real_192.wav,real_192.wav,.wav,6243918,44100,70.79183673469387,1,PCM_16,0,real,0.033658914268016815,0.4444316327571869,0.286625
Real_Audios\real_193.wav,real_193.wav,.wav,6121550,48000,63.76533333333333,1,PCM_16,0,real,0.014187336899340153,0.1902202069759369,0.43783333333333335
Real_Audios\real_194.wav,real_194.wav,.wav,721790,48000,7.517833333333333,1,PCM_16,0,real,0.09932658076286316,0.6727743148803711,0.03642708333333333
Real_Audios\real_195.wav,real_195.wav,.wav,754014,48000,7.8535,1,PCM_16,0,real,0.07228324562311172,0.7819794416427612,0.04838541666666667
Real_Audios\real_196.wav,real_196.wav,.wav,615774,48000,6.4135,1,PCM_16,0,real,0.11801508069038391,1.0656484365463257,0.014177083333333333
Real_Audios\real_197.wav,real_197.wav,.wav,3551454,48000,36.9935,1,PCM_16,0,real,0.11058767884969711,0.6956340074539185,0.004322916666666667
Real_Audios\real_198.wav,real_198.wav,.wav,2837214,48000,29.5535,1,PCM_16,0,real,0.04268314689397812,0.7591390609741211,0.012947916666666667
Real_Audios\real_199.wav,real_199.wav,.wav,2837214,48000,29.5535,1,PCM_16,0,real,0.04268314689397812,0.7591390609741211,0.012947916666666667
Real_Audios\real_200.wav,real_200.wav,.wav,5317854,48000,55.3935,1,PCM_16,0,real,0.04268205538392067,0.3480139672756195,0.016520833333333332
Real_Audios\real_201.wav,real_201.wav,.wav,2464734,48000,25.6735,1,PCM_16,0,real,0.10809128731489182,0.6183794140815735,0.004489583333333333
Real_Audios\real_202.wav,real_202.wav,.wav,11446494,48000,119.2335,1,PCM_16,0,real,0.05505428463220596,0.4388984441757202,0.008802083333333334
Real_Audios\real_203.wav,real_203.wav,.wav,10628574,48000,110.7135,1,PCM_16,0,real,0.08464406430721283,0.5283495187759399,0.0032708333333333335
Real_Audios\real_204.wav,real_204.wav,.wav,24022494,48000,250.2335,1,PCM_16,0,real,0.04976068437099457,0.3296177387237549,0.0035104166666666665
Real_Audios\real_205.wav,real_205.wav,.wav,661854,48000,6.8935,1,PCM_16,0,real,0.012414682656526566,0.08863690495491028,0.04317708333333333
Real_Audios\real_206.wav,real_206.wav,.wav,3326814,48000,34.6535,1,PCM_16,0,real,0.01557933446019888,0.07743298262357712,0.028625
Real_Audios\real_207.wav,real_207.wav,.wav,529790,48000,5.517833333333333,1,PCM_16,0,real,0.08839141577482224,0.5325343608856201,0.03472804295131731
Real_Audios\real_208.wav,real_208.wav,.wav,4352094,48000,45.3335,1,PCM_16,0,real,0.1848057210445404,1.0327181816101074,0.01603125
Real_Audios\real_209.wav,real_209.wav,.wav,11832414,48000,123.2535,1,PCM_16,0,real,0.15932343900203705,1.0350399017333984,0.01639583333333333
Real_Audios\real_210.wav,real_210.wav,.wav,6600414,48000,68.7535,1,PCM_16,0,real,0.030152345076203346,0.2798309326171875,0.006395833333333333
Real_Audios\real_211.wav,real_211.wav,.wav,8798814,48000,91.6535,1,PCM_16,0,real,0.13986481726169586,1.0031896829605103,0.017770833333333333
Real_Audios\real_212.wav,real_212.wav,.wav,7545054,48000,78.5935,1,PCM_16,0,real,0.11512546986341476,0.6223797798156738,0.0024895833333333332
Real_Audios\real_213.wav,real_213.wav,.wav,11941854,48000,124.3935,1,PCM_16,0,real,0.04624821990728378,0.26238009333610535,0.004614583333333333
Real_Audios\real_214.wav,real_214.wav,.wav,23596254,48000,245.7935,1,PCM_16,0,real,0.06850778311491013,0.47833842039108276,0.0028020833333333335
Real_Audios\real_215.wav,real_215.wav,.wav,6170334,48000,64.2735,1,PCM_16,0,real,0.08675236254930496,0.6738960146903992,0.0032916666666666667
Real_Audios\real_216.wav,real_216.wav,.wav,6592734,48000,68.6735,1,PCM_16,0,real,0.08187580108642578,0.6209194660186768,0.009104166666666667
Real_Audios\real_217.wav,real_217.wav,.wav,5241054,48000,54.5935,1,PCM_16,0,real,0.08395972102880478,0.6659563779830933,0.0031458333333333334
Real_Audios\real_218.wav,real_218.wav,.wav,1888734,48000,19.6735,1,PCM_16,0,real,0.09836195409297943,0.7461519241333008,0.04754166666666667
Real_Audios\real_219.wav,real_219.wav,.wav,5521374,48000,57.5135,1,PCM_16,0,real,0.05844521522521973,0.37283211946487427,0.006895833333333334
Real_Audios\real_220.wav,real_220.wav,.wav,5628894,48000,58.6335,1,PCM_16,0,real,0.06733055412769318,0.47027701139450073,0.005395833333333333
Real_Audios\real_221.wav,real_221.wav,.wav,844254,48000,8.7935,1,PCM_16,0,real,0.07843930274248123,0.9157412052154541,0.036895833333333336
Real_Audios\real_222.wav,real_222.wav,.wav,782814,48000,8.1535,1,PCM_16,0,real,0.09948273003101349,0.9272646307945251,0.038052083333333334
Real_Audios\real_223.wav,real_223.wav,.wav,1013214,48000,10.5535,1,PCM_16,0,real,0.07549352943897247,0.9727545976638794,0.0536875
Real_Audios\real_224.wav,real_224.wav,.wav,1919454,48000,19.9935,1,PCM_16,0,real,0.07415378838777542,0.8111683130264282,0.0521875
Real_Audios\real_225.wav,real_225.wav,.wav,4567134,48000,47.5735,1,PCM_16,0,real,0.15391956269741058,1.0138816833496094,0.011177083333333334
Real_Audios\real_226.wav,real_226.wav,.wav,1541838,48000,16.06,1,PCM_16,0,real,0.026462268084287643,0.1464056819677353,0.09525
Real_Audios\real_227.wav,real_227.wav,.wav,2137038,48000,22.26,1,PCM_16,0,real,0.02125694788992405,0.1079547256231308,0.10697916666666667
Real_Audios\real_228.wav,real_228.wav,.wav,1713708,48000,17.8503125,1,PCM_16,0,real,0.06572715193033218,0.6285578012466431,0.0093125
Real_Audios\real_229.wav,real_229.wav,.wav,2359134,48000,24.5735,1,PCM_16,0,real,0.08182772994041443,0.7658758163452148,0.054052083333333334
Real_Audios\real_230.wav,real_230.wav,.wav,2343774,48000,24.4135,1,PCM_16,0,real,0.026647843420505524,0.20450161397457123,0.019604166666666666
Real_Audios\real_231.wav,real_231.wav,.wav,2042334,48000,21.2735,1,PCM_16,0,real,0.14224880933761597,0.6510312557220459,0.027375
Real_Audios\real_232.wav,real_232.wav,.wav,11888094,48000,123.8335,1,PCM_16,0,real,0.07480531185865402,0.5311294794082642,0.0349375
Real_Audios\real_233.wav,real_233.wav,.wav,12832734,48000,133.6735,1,PCM_16,0,real,0.14783723652362823,0.6452124118804932,0.017802083333333333
Real_Audios\real_234.wav,real_234.wav,.wav,4965198,48000,51.72,1,PCM_16,0,real,0.2148745059967041,1.0104217529296875,0.09410416666666667
Real_Audios\real_235.wav,real_235.wav,.wav,3114318,48000,32.44,1,PCM_16,0,real,0.27525192499160767,1.047938346862793,0.09436458333333334
Real_Audios\real_236.wav,real_236.wav,.wav,618110,48000,6.437833333333334,1,PCM_16,0,real,0.10622753202915192,0.5595324039459229,0.03214583333333333
Real_Audios\real_237.wav,real_237.wav,.wav,13235934,48000,137.8735,1,PCM_16,0,real,0.18383096158504486,0.9329265356063843,0.00125
Real_Audios\real_238.wav,real_238.wav,.wav,6070494,48000,63.2335,1,PCM_16,0,real,0.13842807710170746,0.7808091640472412,0.0034583333333333332
Real_Audios\real_239.wav,real_239.wav,.wav,1508574,48000,15.7135,1,PCM_16,0,real,0.12807819247245789,0.9303257465362549,0.007177083333333333
Real_Audios\real_240.wav,real_240.wav,.wav,1848414,48000,19.2535,1,PCM_16,0,real,0.07478067278862,0.3878728151321411,0.0033125
Real_Audios\real_241.wav,real_241.wav,.wav,2672094,48000,27.8335,1,PCM_16,0,real,0.13981947302818298,0.8121921420097351,0.005520833333333333
Real_Audios\real_242.wav,real_242.wav,.wav,2117214,48000,22.0535,1,PCM_16,0,real,0.13665200769901276,0.6558197736740112,0.021458333333333333
Real_Audios\real_243.wav,real_243.wav,.wav,1719774,48000,17.9135,1,PCM_16,0,real,0.1393248438835144,0.9307953715324402,0.00603125
Real_Audios\real_244.wav,real_244.wav,.wav,2722014,48000,28.3535,1,PCM_16,0,real,0.03314749896526337,0.26744982600212097,0.024333333333333332
Real_Audios\real_245.wav,real_245.wav,.wav,1410654,48000,14.6935,1,PCM_16,0,real,0.1612718552350998,1.0230178833007812,0.009166666666666667
Real_Audios\real_246.wav,real_246.wav,.wav,1821534,48000,18.9735,1,PCM_16,0,real,0.15777245163917542,1.015439748764038,0.009791666666666667
Real_Audios\real_247.wav,real_247.wav,.wav,769790,48000,8.017833333333334,1,PCM_16,0,real,0.08441866934299469,0.6615918874740601,0.03666666666666667
Real_Audios\real_248.wav,real_248.wav,.wav,2722014,48000,28.3535,1,PCM_16,0,real,0.03314749896526337,0.26744982600212097,0.024333333333333332
Real_Audios\real_249.wav,real_249.wav,.wav,1230174,48000,12.8135,1,PCM_16,0,real,0.14333242177963257,1.0142900943756104,0.00875
Real_Audios\real_250.wav,real_250.wav,.wav,9424734,48000,98.1735,1,PCM_16,0,real,0.06122434139251709,0.5789121389389038,0.056354166666666664
Real_Audios\real_251.wav,real_251.wav,.wav,4823118,48000,50.24,1,PCM_16,0,real,0.09539467096328735,0.5682376623153687,0.07783333333333334
Real_Audios\real_252.wav,real_252.wav,.wav,6472398,48000,67.42,1,PCM_16,0,real,0.09830984473228455,0.6107721328735352,0.07467708333333334
Real_Audios\real_253.wav,real_253.wav,.wav,3587934,48000,37.3735,1,PCM_16,0,real,0.010748627595603466,0.14136193692684174,0.08845833333333333
Real_Audios\real_254.wav,real_254.wav,.wav,3724254,48000,38.7935,1,PCM_16,0,real,0.03659072890877724,0.2513517737388611,0.00546875
Real_Audios\real_255.wav,real_255.wav,.wav,4269534,48000,44.4735,1,PCM_16,0,real,0.08893103152513504,0.5975998640060425,0.008
Real_Audios\real_256.wav,real_256.wav,.wav,4269534,48000,44.4735,1,PCM_16,0,real,0.08893103152513504,0.5975998640060425,0.008
Real_Audios\real_257.wav,real_257.wav,.wav,5377374,48000,56.0135,1,PCM_16,0,real,0.0912446603178978,0.4559289216995239,0.0033020833333333335
Real_Audios\real_258.wav,real_258.wav,.wav,230270,48000,2.3978333333333333,1,PCM_16,0,real,0.08963312208652496,0.5126304030418396,0.07673460876818015
Real_Audios\real_259.wav,real_259.wav,.wav,6178014,48000,64.3535,1,PCM_16,0,real,0.04528828710317612,0.512103796005249,0.0174375
Real_Audios\real_260.wav,real_260.wav,.wav,5235294,48000,54.5335,1,PCM_16,0,real,0.05167939141392708,0.4409694969654083,0.01125
Real_Audios\real_261.wav,real_261.wav,.wav,4459614,48000,46.4535,1,PCM_16,0,real,0.04843743517994881,0.34499844908714294,0.022614583333333334
Real_Audios\real_262.wav,real_262.wav,.wav,4649694,48000,48.4335,1,PCM_16,0,real,0.03778351470828056,0.4788399934768677,0.0168125
Real_Audios\real_263.wav,real_263.wav,.wav,4507614,48000,46.9535,1,PCM_16,0,real,0.07079695910215378,0.5031421184539795,0.0032291666666666666
Real_Audios\real_264.wav,real_264.wav,.wav,4398174,48000,45.8135,1,PCM_16,0,real,0.07169698923826218,0.973180890083313,0.013208333333333334
Real_Audios\real_265.wav,real_265.wav,.wav,1689054,48000,17.5935,1,PCM_16,0,real,0.09269792586565018,0.9346358776092529,0.017458333333333333
Real_Audios\real_266.wav,real_266.wav,.wav,1731294,48000,18.0335,1,PCM_16,0,real,0.11129643023014069,1.0131139755249023,0.02325
Real_Audios\real_267.wav,real_267.wav,.wav,3353694,48000,34.9335,1,PCM_16,0,real,0.11864755302667618,0.7238852977752686,0.005760416666666666
Real_Audios\real_268.wav,real_268.wav,.wav,3461214,48000,36.0535,1,PCM_16,0,real,0.1050427258014679,0.6659576296806335,0.0068125
Real_Audios\real_269.wav,real_269.wav,.wav,2058110,48000,21.437833333333334,1,PCM_16,0,real,0.09497518092393875,1.002964735031128,0.10655208333333334
Real_Audios\real_270.wav,real_270.wav,.wav,1683294,48000,17.5335,1,PCM_16,0,real,0.035607583820819855,0.24743333458900452,0.010177083333333333
Real_Audios\real_271.wav,real_271.wav,.wav,6792414,48000,70.7535,1,PCM_16,0,real,0.06252557784318924,0.6489534378051758,0.01059375
Real_Audios\real_272.wav,real_272.wav,.wav,3829854,48000,39.8935,1,PCM_16,0,real,0.12109837681055069,0.8384045362472534,0.015072916666666667
Real_Audios\real_273.wav,real_273.wav,.wav,3829854,48000,39.8935,1,PCM_16,0,real,0.12109837681055069,0.8384045362472534,0.015072916666666667
Real_Audios\real_274.wav,real_274.wav,.wav,1383774,48000,14.4135,1,PCM_16,0,real,0.13658268749713898,0.9156355261802673,0.013510416666666667
Real_Audios\real_275.wav,real_275.wav,.wav,1059294,48000,11.0335,1,PCM_16,0,real,0.08116360008716583,0.5863417983055115,0.025020833333333332
Real_Audios\real_276.wav,real_276.wav,.wav,1128414,48000,11.7535,1,PCM_16,0,real,0.24615348875522614,0.98932945728302,0.0024895833333333332
Real_Audios\real_277.wav,real_277.wav,.wav,1477854,48000,15.3935,1,PCM_16,0,real,0.08861658722162247,0.6552861928939819,0.025927083333333333
Real_Audios\real_278.wav,real_278.wav,.wav,1078494,48000,11.2335,1,PCM_16,0,real,0.04635973274707794,0.3534785509109497,0.030177083333333334
Real_Audios\real_279.wav,real_279.wav,.wav,1888734,48000,19.6735,1,PCM_16,0,real,0.08283516764640808,0.6631121039390564,0.031427083333333335
Real_Audios\real_280.wav,real_280.wav,.wav,1155710,48000,12.037833333333333,1,PCM_16,0,real,0.15178260207176208,0.9949038028717041,0.06413541666666667
Real_Audios\real_281.wav,real_281.wav,.wav,1573854,48000,16.3935,1,PCM_16,0,real,0.04655970260500908,0.3516838550567627,0.024666666666666667
Real_Audios\real_282.wav,real_282.wav,.wav,1070814,48000,11.1535,1,PCM_16,0,real,0.03128182888031006,0.25738149881362915,0.025958333333333333
Real_Audios\real_283.wav,real_283.wav,.wav,2080734,48000,21.6735,1,PCM_16,0,real,0.041004762053489685,0.19893984496593475,0.027197916666666665
Real_Audios\real_284.wav,real_284.wav,.wav,4499934,48000,46.8735,1,PCM_16,0,real,0.06308074295520782,0.5532932281494141,0.015927083333333335
Real_Audios\real_285.wav,real_285.wav,.wav,1996254,48000,20.7935,1,PCM_16,0,real,0.06742799282073975,0.46028950810432434,0.02696875
Real_Audios\real_286.wav,real_286.wav,.wav,10586334,48000,110.2735,1,PCM_16,0,real,0.03570938482880592,0.28998956084251404,0.03370833333333333
Real_Audios\real_287.wav,real_287.wav,.wav,10171614,48000,105.9535,1,PCM_16,0,real,0.055569734424352646,0.4240379333496094,0.031135416666666665
Real_Audios\real_288.wav,real_288.wav,.wav,3013854,48000,31.3935,1,PCM_16,0,real,0.10166396200656891,0.8571452498435974,0.00903125
Real_Audios\real_289.wav,real_289.wav,.wav,3960414,48000,41.2535,1,PCM_16,0,real,0.10995039343833923,0.6829694509506226,0.013489583333333333
Real_Audios\real_290.wav,real_290.wav,.wav,5064414,48000,52.7535,1,PCM_16,0,real,0.05528329312801361,0.5271391272544861,0.016541666666666666
Real_Audios\real_291.wav,real_291.wav,.wav,1695230,48000,17.657833333333333,1,PCM_16,0,real,0.11234217137098312,0.5903593301773071,0.003958333333333334
Real_Audios\real_292.wav,real_292.wav,.wav,721374,48000,7.5135,1,PCM_16,0,real,0.05116405710577965,0.23466312885284424,0.015177083333333334
Real_Audios\real_293.wav,real_293.wav,.wav,1412574,48000,14.7135,1,PCM_16,0,real,0.10086981952190399,1.022780179977417,0.01803125
Real_Audios\real_294.wav,real_294.wav,.wav,1162974,48000,12.1135,1,PCM_16,0,real,0.1504463106393814,1.011635661125183,0.007125
Real_Audios\real_295.wav,real_295.wav,.wav,2142174,48000,22.3135,1,PCM_16,0,real,0.020670542493462563,0.1777261346578598,0.042645833333333334
Real_Audios\real_296.wav,real_296.wav,.wav,1750494,48000,18.2335,1,PCM_16,0,real,0.059858258813619614,0.7287886738777161,0.03636458333333333
Real_Audios\real_297.wav,real_297.wav,.wav,1456734,48000,15.1735,1,PCM_16,0,real,0.1091584786772728,0.9555025696754456,0.0291875
Real_Audios\real_298.wav,real_298.wav,.wav,1658334,48000,17.2735,1,PCM_16,0,real,0.06273052096366882,0.8835565447807312,0.03532291666666667
Real_Audios\real_299.wav,real_299.wav,.wav,4803294,48000,50.0335,1,PCM_16,0,real,0.10593969374895096,0.8589599132537842,0.06439583333333333
Real_Audios\real_300.wav,real_300.wav,.wav,2174814,48000,22.6535,1,PCM_16,0,real,0.1449616551399231,0.7958409786224365,0.0047395833333333335
Real_Audios\real_301.wav,real_301.wav,.wav,1483614,48000,15.4535,1,PCM_16,0,real,0.15632949769496918,0.8939152956008911,0.0049375
Real_Audios\real_302.wav,real_302.wav,.wav,710270,48000,7.397833333333334,1,PCM_16,0,real,0.09556274116039276,0.5717692375183105,0.025572916666666667
Real_Audios\real_303.wav,real_303.wav,.wav,1214814,48000,12.6535,1,PCM_16,0,real,0.13991470634937286,0.9692836999893188,0.00921875
Real_Audios\real_304.wav,real_304.wav,.wav,899934,48000,9.3735,1,PCM_16,0,real,0.10172811895608902,0.6562903523445129,0.0011875
Real_Audios\real_305.wav,real_305.wav,.wav,9945054,48000,103.5935,1,PCM_16,0,real,0.11148351430892944,0.957738995552063,0.007447916666666667
Real_Audios\real_306.wav,real_306.wav,.wav,682974,48000,7.1135,1,PCM_16,0,real,0.07201668620109558,0.42114028334617615,0.03308333333333333
Real_Audios\real_307.wav,real_307.wav,.wav,4509534,48000,46.9735,1,PCM_16,0,real,0.09264596551656723,0.617379903793335,0.027625
Real_Audios\real_308.wav,real_308.wav,.wav,14923614,48000,155.4535,1,PCM_16,0,real,0.09860960394144058,0.9633012413978577,0.008645833333333333
Real_Audios\real_309.wav,real_309.wav,.wav,3023454,48000,31.4935,1,PCM_16,0,real,0.1397511214017868,0.9597878456115723,0.0059375
Real_Audios\real_310.wav,real_310.wav,.wav,10380894,48000,108.1335,1,PCM_16,0,real,0.11652015149593353,0.9309955835342407,0.007
Real_Audios\real_311.wav,real_311.wav,.wav,4079454,48000,42.4935,1,PCM_16,0,real,0.13110078871250153,0.9788206815719604,0.003885416666666667
Real_Audios\real_312.wav,real_312.wav,.wav,2748894,48000,28.6335,1,PCM_16,0,real,0.05286413058638573,0.7671246528625488,0.016239583333333335
Real_Audios\real_313.wav,real_313.wav,.wav,1341950,48000,13.977833333333333,1,PCM_16,0,real,0.15275761485099792,0.7885927557945251,0.0022083333333333334
Real_Audios\real_314.wav,real_314.wav,.wav,6934494,48000,72.2335,1,PCM_16,0,real,0.08210247755050659,0.49686336517333984,0.00684375
Real_Audios\real_315.wav,real_315.wav,.wav,11669214,48000,121.5535,1,PCM_16,0,real,0.0688801109790802,0.5730666518211365,0.01025
Real_Audios\real_316.wav,real_316.wav,.wav,901854,48000,9.3935,1,PCM_16,0,real,0.09809605032205582,0.5383049249649048,0.004145833333333333
Real_Audios\real_317.wav,real_317.wav,.wav,4699614,48000,48.9535,1,PCM_16,0,real,0.0612926259636879,0.5604946613311768,0.0096875
Real_Audios\real_318.wav,real_318.wav,.wav,2326494,48000,24.2335,1,PCM_16,0,real,0.03643869608640671,0.2163226306438446,0.0125
Real_Audios\real_319.wav,real_319.wav,.wav,2361054,48000,24.5935,1,PCM_16,0,real,0.05415797978639603,0.3420357406139374,0.0060104166666666665
Real_Audios\real_320.wav,real_320.wav,.wav,16465374,48000,171.5135,1,PCM_16,0,real,0.2107546180486679,1.0051982402801514,0.0006875
Real_Audios\real_321.wav,real_321.wav,.wav,4953054,48000,51.5935,1,PCM_16,0,real,0.042820043861866,0.29144996404647827,0.016822916666666667
Real_Audios\real_322.wav,real_322.wav,.wav,4615134,48000,48.0735,1,PCM_16,0,real,0.06697173416614532,0.4373367428779602,0.02265625
Real_Audios\real_323.wav,real_323.wav,.wav,11991774,48000,124.9135,1,PCM_16,0,real,0.03798989579081535,0.7652301788330078,0.022989583333333334
Real_Audios\real_324.wav,real_324.wav,.wav,1646670,48000,8.576,2,PCM_16,0,real,0.06428573280572891,0.5083292722702026,0.030916666666666665
Real_Audios\real_325.wav,real_325.wav,.wav,4685902,48000,24.405333333333335,2,PCM_16,0,real,0.08940253406763077,0.6267556548118591,0.034895833333333334
Real_Audios\real_326.wav,real_326.wav,.wav,1489790,48000,15.517833333333334,1,PCM_16,0,real,0.13859276473522186,1.0023809671401978,0.02953125
Real_Audios\real_327.wav,real_327.wav,.wav,4079694,48000,21.248,2,PCM_16,0,real,0.079880490899086,0.6615290641784668,0.03475
Real_Audios\real_328.wav,real_328.wav,.wav,4005966,48000,20.864,2,PCM_16,0,real,0.07504725456237793,0.6320773363113403,0.028791666666666667
Real_Audios\real_329.wav,real_329.wav,.wav,5283918,48000,27.52,2,PCM_16,0,real,0.07773206382989883,0.7221448421478271,0.0315625
Real_Audios\real_330.wav,real_330.wav,.wav,4296782,48000,22.378666666666668,2,PCM_16,0,real,0.09309805929660797,0.6791247129440308,0.029489583333333333
Real_Audios\real_331.wav,real_331.wav,.wav,4366414,48000,22.741333333333333,2,PCM_16,0,real,0.100572869181633,0.7392948865890503,0.02721875
Real_Audios\real_332.wav,real_332.wav,.wav,3752014,48000,19.541333333333334,2,PCM_16,0,real,0.09692224860191345,0.6889402270317078,0.0295
Real_Audios\real_333.wav,real_333.wav,.wav,3256398,48000,16.96,2,PCM_16,0,real,0.08864027261734009,0.6729815006256104,0.033364583333333336
Real_Audios\real_334.wav,real_334.wav,.wav,3760206,48000,19.584,2,PCM_16,0,real,0.07946749776601791,0.6759994029998779,0.030125
Real_Audios\real_335.wav,real_335.wav,.wav,3534926,48000,18.410666666666668,2,PCM_16,0,real,0.09063726663589478,0.6352823972702026,0.030177083333333334
Real_Audios\real_336.wav,real_336.wav,.wav,2039886,48000,10.624,2,PCM_16,0,real,0.09406235069036484,0.7667336463928223,0.021666666666666667
Real_Audios\real_337.wav,real_337.wav,.wav,2523214,48000,13.141333333333334,2,PCM_16,0,real,0.11413464695215225,0.7566049098968506,0.0265
Real_Audios\real_338.wav,real_338.wav,.wav,3559502,48000,18.538666666666668,2,PCM_16,0,real,0.06426732242107391,0.6203998327255249,0.025479166666666667
Real_Audios\real_339.wav,real_339.wav,.wav,3244110,48000,16.896,2,PCM_16,0,real,0.08484254777431488,0.6479091644287109,0.030395833333333334
Real_Audios\real_340.wav,real_340.wav,.wav,3338318,48000,17.386666666666667,2,PCM_16,0,real,0.07992036640644073,0.6774703860282898,0.025458333333333333
Real_Audios\real_341.wav,real_341.wav,.wav,2400334,48000,12.501333333333333,2,PCM_16,0,real,0.09523723274469376,0.7013908624649048,0.0266875
Real_Audios\real_342.wav,real_342.wav,.wav,2719822,48000,14.165333333333333,2,PCM_16,0,real,0.08160852640867233,0.6370483636856079,0.02571875
Real_Audios\real_343.wav,real_343.wav,.wav,3047502,48000,15.872,2,PCM_16,0,real,0.08647876232862473,0.7702482342720032,0.02871875
Real_Audios\real_344.wav,real_344.wav,.wav,5304398,48000,27.626666666666665,2,PCM_16,0,real,0.08911196142435074,0.9129644632339478,0.029104166666666667
Real_Audios\real_345.wav,real_345.wav,.wav,3952718,48000,20.586666666666666,2,PCM_16,0,real,0.07682938128709793,0.6302584409713745,0.03446875
Real_Audios\real_346.wav,real_346.wav,.wav,3346510,48000,17.429333333333332,2,PCM_16,0,real,0.08091200888156891,0.6727138757705688,0.02553125
Real_Audios\real_347.wav,real_347.wav,.wav,1405006,48000,7.317333333333333,2,PCM_16,0,real,0.0990375503897667,0.6783559918403625,0.025395833333333333
Real_Audios\real_348.wav,real_348.wav,.wav,3817550,48000,19.882666666666665,2,PCM_16,0,real,0.08540589362382889,0.7891051769256592,0.024197916666666666
Real_Audios\real_349.wav,real_349.wav,.wav,3809358,48000,19.84,2,PCM_16,0,real,0.09214947372674942,0.6588038802146912,0.025104166666666667
Real_Audios\real_350.wav,real_350.wav,.wav,3096654,48000,16.128,2,PCM_16,0,real,0.08773652464151382,0.6504051685333252,0.027010416666666665
Real_Audios\real_351.wav,real_351.wav,.wav,4386894,48000,22.848,2,PCM_16,0,real,0.1010562852025032,0.7175304293632507,0.023947916666666666
Real_Audios\real_352.wav,real_352.wav,.wav,3047502,48000,15.872,2,PCM_16,0,real,0.07539808005094528,0.7097059488296509,0.02509375
Real_Audios\real_353.wav,real_353.wav,.wav,3199054,48000,16.661333333333335,2,PCM_16,0,real,0.0960535928606987,0.6607969999313354,0.029645833333333333
Real_Audios\real_354.wav,real_354.wav,.wav,3862606,48000,20.117333333333335,2,PCM_16,0,real,0.06491908431053162,0.530189037322998,0.030770833333333334
Real_Audios\real_355.wav,real_355.wav,.wav,3051598,48000,15.893333333333333,2,PCM_16,0,real,0.07355163991451263,0.5827754735946655,0.026875
Real_Audios\real_356.wav,real_356.wav,.wav,3371086,48000,17.557333333333332,2,PCM_16,0,real,0.08310350775718689,0.7374587059020996,0.026416666666666668
Real_Audios\real_357.wav,real_357.wav,.wav,2654286,48000,13.824,2,PCM_16,0,real,0.10147637128829956,0.7757940292358398,0.027010416666666665
Real_Audios\real_358.wav,real_358.wav,.wav,3346510,48000,17.429333333333332,2,PCM_16,0,real,0.08091200888156891,0.6727138757705688,0.02553125
Real_Audios\real_359.wav,real_359.wav,.wav,3125326,48000,16.277333333333335,2,PCM_16,0,real,0.09207155555486679,0.6485092043876648,0.027614583333333335
Real_Audios\real_360.wav,real_360.wav,.wav,3158094,48000,16.448,2,PCM_16,0,real,0.09271633625030518,0.7467348575592041,0.025145833333333333
Real_Audios\real_361.wav,real_361.wav,.wav,2732110,48000,14.229333333333333,2,PCM_16,0,real,0.08115120977163315,0.6645466089248657,0.030104166666666668
Real_Audios\real_362.wav,real_362.wav,.wav,1917006,48000,9.984,2,PCM_16,0,real,0.1048874706029892,0.7499792575836182,0.01975
Real_Audios\real_363.wav,real_363.wav,.wav,1957966,48000,10.197333333333333,2,PCM_16,0,real,0.07031173259019852,0.6713146567344666,0.026552083333333334
Real_Audios\real_364.wav,real_364.wav,.wav,1646670,48000,8.576,2,PCM_16,0,real,0.06428573280572891,0.5083292722702026,0.030916666666666665
Real_Audios\real_365.wav,real_365.wav,.wav,2039886,48000,10.624,2,PCM_16,0,real,0.09406235069036484,0.7667336463928223,0.021666666666666667
Real_Audios\real_366.wav,real_366.wav,.wav,3420238,48000,17.813333333333333,2,PCM_16,0,real,0.07723940908908844,0.6234368681907654,0.023114583333333334
Real_Audios\real_367.wav,real_367.wav,.wav,2723918,48000,14.186666666666667,2,PCM_16,0,real,0.08315201103687286,0.7278381586074829,0.03171875
Real_Audios\real_368.wav,real_368.wav,.wav,3403854,48000,17.728,2,PCM_16,0,real,0.09233061969280243,0.7148815393447876,0.03283333333333333
Real_Audios\real_369.wav,real_369.wav,.wav,1510910,48000,15.737833333333333,1,PCM_16,0,real,0.14057917892932892,0.7674378156661987,0.0067083333333333335
Real_Audios\real_370.wav,real_370.wav,.wav,3625038,48000,18.88,2,PCM_16,0,real,0.08461517840623856,0.7367266416549683,0.0246875
Real_Audios\real_371.wav,real_371.wav,.wav,3575886,48000,18.624,2,PCM_16,0,real,0.09009423851966858,0.6671801805496216,0.03339583333333333
Real_Audios\real_372.wav,real_372.wav,.wav,3747918,48000,19.52,2,PCM_16,0,real,0.10220862925052643,0.6924889087677002,0.02684375
Real_Audios\real_373.wav,real_373.wav,.wav,4014158,48000,20.906666666666666,2,PCM_16,0,real,0.09172143042087555,0.7409703135490417,0.051645833333333335
Real_Audios\real_374.wav,real_374.wav,.wav,3035214,48000,15.808,2,PCM_16,0,real,0.060058463364839554,0.5043870210647583,0.024791666666666667
Real_Audios\real_375.wav,real_375.wav,.wav,4915278,48000,25.6,2,PCM_16,0,real,0.10107851028442383,0.6862869262695312,0.0375625
Real_Audios\real_376.wav,real_376.wav,.wav,2269262,48000,11.818666666666667,2,PCM_16,0,real,0.09422776103019714,0.7014231085777283,0.021572916666666667
Real_Audios\real_377.wav,real_377.wav,.wav,5234766,48000,27.264,2,PCM_16,0,real,0.08417093753814697,0.6673552989959717,0.021989583333333333
Real_Audios\real_378.wav,real_378.wav,.wav,3084366,48000,16.064,2,PCM_16,0,real,0.10596325993537903,0.7472609281539917,0.02671875
Real_Audios\real_379.wav,real_379.wav,.wav,2736206,48000,14.250666666666667,2,PCM_16,0,real,0.10275182127952576,0.7447452545166016,0.023958333333333335
Real_Audios\real_380.wav,real_380.wav,.wav,3371086,48000,17.557333333333332,2,PCM_16,0,real,0.08310350775718689,0.7374587059020996,0.026416666666666668
Real_Audios\real_381.wav,real_381.wav,.wav,1405006,48000,7.317333333333333,2,PCM_16,0,real,0.0990375503897667,0.6783559918403625,0.025395833333333333
Real_Audios\real_382.wav,real_382.wav,.wav,3371086,48000,17.557333333333332,2,PCM_16,0,real,0.08310350775718689,0.7374587059020996,0.026416666666666668
Real_Audios\real_383.wav,real_383.wav,.wav,4067406,48000,21.184,2,PCM_16,0,real,0.06558948755264282,0.4261576235294342,0.03878125
Real_Audios\real_384.wav,real_384.wav,.wav,3534926,48000,18.410666666666668,2,PCM_16,0,real,0.09063726663589478,0.6352823972702026,0.030177083333333334
Real_Audios\real_385.wav,real_385.wav,.wav,3440718,48000,17.92,2,PCM_16,0,real,0.0981127917766571,0.7580362558364868,0.033875
Real_Audios\real_386.wav,real_386.wav,.wav,3461198,48000,18.026666666666667,2,PCM_16,0,real,0.08352568000555038,0.6080834865570068,0.04070833333333333
Real_Audios\real_387.wav,real_387.wav,.wav,3256398,48000,16.96,2,PCM_16,0,real,0.08864027261734009,0.6729815006256104,0.033364583333333336
Real_Audios\real_388.wav,real_388.wav,.wav,4522062,48000,23.552,2,PCM_16,0,real,0.08737973868846893,0.632354736328125,0.04029166666666667
Real_Audios\real_389.wav,real_389.wav,.wav,4014158,48000,20.906666666666666,2,PCM_16,0,real,0.09172143042087555,0.7409703135490417,0.051645833333333335
Real_Audios\real_390.wav,real_390.wav,.wav,2723918,48000,14.186666666666667,2,PCM_16,0,real,0.08315201103687286,0.7278381586074829,0.03171875
Real_Audios\real_391.wav,real_391.wav,.wav,4173902,48000,21.738666666666667,2,PCM_16,0,real,0.10801322013139725,0.8090567588806152,0.028677083333333332
Real_Audios\real_392.wav,real_392.wav,.wav,3616846,48000,18.837333333333333,2,PCM_16,0,real,0.06643232703208923,0.6348243355751038,0.027802083333333335
Real_Audios\real_393.wav,real_393.wav,.wav,3575886,48000,18.624,2,PCM_16,0,real,0.09009423851966858,0.6671801805496216,0.03339583333333333
Real_Audios\real_394.wav,real_394.wav,.wav,3125326,48000,16.277333333333335,2,PCM_16,0,real,0.09207155555486679,0.6485092043876648,0.027614583333333335
Real_Audios\real_395.wav,real_395.wav,.wav,3084366,48000,16.064,2,PCM_16,0,real,0.10596325993537903,0.7472609281539917,0.02671875
Real_Audios\real_396.wav,real_396.wav,.wav,3817550,48000,19.882666666666665,2,PCM_16,0,real,0.08540589362382889,0.7891051769256592,0.024197916666666666
Real_Audios\real_397.wav,real_397.wav,.wav,4915278,48000,25.6,2,PCM_16,0,real,0.10107851028442383,0.6862869262695312,0.0375625
Real_Audios\real_398.wav,real_398.wav,.wav,4079694,48000,21.248,2,PCM_16,0,real,0.079880490899086,0.6615290641784668,0.03475
Real_Audios\real_399.wav,real_399.wav,.wav,3760206,48000,19.584,2,PCM_16,0,real,0.07946749776601791,0.6759994029998779,0.030125
Real_Audios\real_400.wav,real_400.wav,.wav,5283918,48000,27.52,2,PCM_16,0,real,0.07773206382989883,0.7221448421478271,0.0315625
Real_Audios\real_401.wav,real_401.wav,.wav,3403854,48000,17.728,2,PCM_16,0,real,0.09233061969280243,0.7148815393447876,0.03283333333333333
Real_Audios\real_402.wav,real_402.wav,.wav,4190286,48000,21.824,2,PCM_16,0,real,0.10248534381389618,0.7150702476501465,0.031114583333333334
Real_Audios\real_403.wav,real_403.wav,.wav,2523214,48000,13.141333333333334,2,PCM_16,0,real,0.11413464695215225,0.7566049098968506,0.0265
Real_Audios\real_404.wav,real_404.wav,.wav,1232974,48000,6.421333333333333,2,PCM_16,0,real,0.13787437975406647,1.023789882659912,0.0270625
Real_Audios\real_405.wav,real_405.wav,.wav,3969102,48000,20.672,2,PCM_16,0,real,0.17025518417358398,1.090616226196289,0.019770833333333335
Real_Audios\real_406.wav,real_406.wav,.wav,909390,48000,4.736,2,PCM_16,0,real,0.07663979381322861,0.44923919439315796,0.029389252533783782
Real_Audios\real_407.wav,real_407.wav,.wav,843854,48000,4.394666666666667,2,PCM_16,0,real,0.2634303867816925,1.0567169189453125,0.028116333641470526
Real_Audios\real_408.wav,real_408.wav,.wav,1699918,48000,8.853333333333333,2,PCM_16,0,real,0.2391093224287033,1.1605439186096191,0.024666666666666667
Real_Audios\real_409.wav,real_409.wav,.wav,696398,48000,3.6266666666666665,2,PCM_16,0,real,0.24191057682037354,1.1176698207855225,0.036241749530391026
Real_Audios\real_410.wav,real_410.wav,.wav,1134670,48000,5.9093333333333335,2,PCM_16,0,real,0.053770966827869415,0.33487942814826965,0.031126388154415652
Real_Audios\real_411.wav,real_411.wav,.wav,1378430,48000,14.357833333333334,1,PCM_16,0,real,0.13347439467906952,1.000679612159729,0.028802083333333332
Real_Audios\real_412.wav,real_412.wav,.wav,1363070,48000,14.197833333333334,1,PCM_16,0,real,0.11802201718091965,0.9775760173797607,0.029604166666666668
Real_Audios\real_413.wav,real_413.wav,.wav,3440718,48000,17.92,2,PCM_16,0,real,0.0981127917766571,0.7580362558364868,0.033875
Real_Audios\real_414.wav,real_414.wav,.wav,1384190,48000,14.417833333333334,1,PCM_16,0,real,0.12127331644296646,1.0009510517120361,0.0305625
Real_Audios\real_415.wav,real_415.wav,.wav,1338110,48000,13.937833333333334,1,PCM_16,0,real,0.12158834934234619,1.004197597503662,0.030375
Real_Audios\real_416.wav,real_416.wav,.wav,1399550,48000,14.577833333333333,1,PCM_16,0,real,0.12595418095588684,1.0043556690216064,0.028666666666666667
Real_Audios\real_417.wav,real_417.wav,.wav,1514750,48000,15.777833333333334,1,PCM_16,0,real,0.09570565819740295,0.740557849407196,0.029885416666666668
Real_Audios\real_418.wav,real_418.wav,.wav,1530110,48000,15.937833333333334,1,PCM_16,0,real,0.11511184275150299,1.0004024505615234,0.028927083333333332
Real_Audios\real_419.wav,real_419.wav,.wav,1485950,48000,15.477833333333333,1,PCM_16,0,real,0.13804200291633606,1.0027096271514893,0.029114583333333333
Real_Audios\real_420.wav,real_420.wav,.wav,1539710,48000,16.03783333333333,1,PCM_16,0,real,0.1249241828918457,1.002159595489502,0.028989583333333332
Real_Audios\real_421.wav,real_421.wav,.wav,1347710,48000,14.037833333333333,1,PCM_16,0,real,0.11933283507823944,0.9515031576156616,0.030135416666666668
Real_Audios\real_422.wav,real_422.wav,.wav,1631870,48000,16.997833333333332,1,PCM_16,0,real,0.1093195229768753,0.6671433448791504,0.030385416666666668
Real_Audios\real_423.wav,real_423.wav,.wav,1386110,48000,14.437833333333334,1,PCM_16,0,real,0.11268211156129837,1.0006098747253418,0.0296875
Fake_Audios\fake_001.wav,fake_001.wav,.wav,1002830,48000,10.445333333333334,1,PCM_16,1,fake,0.09918958693742752,0.6338633894920349,0.08929166666666667
Fake_Audios\fake_002.wav,fake_002.wav,.wav,167588,8000,10.469375,1,PCM_16,1,fake,0.094691701233387,0.626803994178772,0.09573958333333334
Fake_Audios\fake_003.wav,fake_003.wav,.wav,335096,16000,10.4693125,1,PCM_16,1,fake,0.09557779878377914,0.627960205078125,0.09886458333333334
Fake_Audios\fake_004.wav,fake_004.wav,.wav,501454,24000,10.445333333333334,1,PCM_16,1,fake,0.09714028239250183,0.6210758090019226,0.09016666666666667
Fake_Audios\fake_005.wav,fake_005.wav,.wav,1002830,48000,10.445333333333334,1,PCM_16,1,fake,0.10188747942447662,0.6442745923995972,0.08777083333333334
Fake_Audios\fake_006.wav,fake_006.wav,.wav,1002830,48000,10.445333333333334,1,PCM_16,1,fake,0.10288461297750473,0.6572853922843933,0.08834375
Fake_Audios\fake_007.wav,fake_007.wav,.wav,1005646,48000,10.474666666666666,1,PCM_16,1,fake,0.10198518633842468,0.6587839126586914,0.09213541666666666
Fake_Audios\fake_008.wav,fake_008.wav,.wav,1155726,48000,12.038,1,PCM_16,1,fake,0.10613364726305008,0.6538165211677551,0.057416666666666664
Fake_Audios\fake_009.wav,fake_009.wav,.wav,1219972,44100,13.830997732426304,1,PCM_16,1,fake,0.08532111346721649,0.5439102053642273,0.06723958333333334
Fake_Audios\fake_010.wav,fake_010.wav,.wav,1126194,48000,11.730375,1,PCM_16,1,fake,0.09413724392652512,0.5974724292755127,0.0921875
Fake_Audios\fake_011.wav,fake_011.wav,.wav,737870,48000,7.685333333333333,1,PCM_16,1,fake,0.08996852487325668,0.5607850551605225,0.04896875
Fake_Audios\fake_012.wav,fake_012.wav,.wav,3095644,24000,64.49095833333334,1,PCM_16,1,fake,0.09649992734193802,0.7759606242179871,0.07628125
Fake_Audios\fake_013.wav,fake_013.wav,.wav,1269678,48000,13.225,1,PCM_16,1,fake,0.05389626696705818,0.4273982048034668,0.17559375
Fake_Audios\fake_014.wav,fake_014.wav,.wav,1598014,48000,16.644979166666666,1,PCM_16,1,fake,0.11518371105194092,0.7020992040634155,0.07060416666666666
Fake_Audios\fake_015.wav,fake_015.wav,.wav,2102478,48000,21.9,1,PCM_16,1,fake,0.08521705120801926,0.41307926177978516,0.011270833333333334
Fake_Audios\fake_016.wav,fake_016.wav,.wav,2136078,48000,22.25,1,PCM_16,1,fake,0.08111805468797684,0.5296691656112671,0.16805208333333332
Fake_Audios\fake_017.wav,fake_017.wav,.wav,646444,32000,10.09946875,1,PCM_16,1,fake,0.07829615473747253,0.36913177371025085,0.01590625
Fake_Audios\fake_018.wav,fake_018.wav,.wav,770860,32000,12.04346875,1,PCM_16,1,fake,0.0784304216504097,0.38911741971969604,0.018083333333333333
Fake_Audios\fake_019.wav,fake_019.wav,.wav,706348,32000,11.03546875,1,PCM_16,1,fake,0.10731282085180283,0.9227807521820068,0.013291666666666667
Fake_Audios\fake_020.wav,fake_020.wav,.wav,729388,32000,11.39546875,1,PCM_16,1,fake,0.05139840766787529,0.3548842966556549,0.02025
Fake_Audios\fake_021.wav,fake_021.wav,.wav,740908,32000,11.57546875,1,PCM_16,1,fake,0.04808241128921509,0.3300152122974396,0.02033333333333333
Fake_Audios\fake_022.wav,fake_022.wav,.wav,2593324,32000,40.51946875,1,PCM_16,1,fake,0.053759247064590454,0.3464008569717407,0.018385416666666668
Fake_Audios\fake_023.wav,fake_023.wav,.wav,2685484,32000,41.95946875,1,PCM_16,1,fake,0.05134022980928421,0.34199848771095276,0.017572916666666667
Fake_Audios\fake_024.wav,fake_024.wav,.wav,810028,32000,12.65546875,1,PCM_16,1,fake,0.05087285861372948,0.3203762173652649,0.01946875
Fake_Audios\fake_025.wav,fake_025.wav,.wav,754732,32000,11.79146875,1,PCM_16,1,fake,0.12068143486976624,0.5928588509559631,0.017739583333333333
Fake_Audios\fake_026.wav,fake_026.wav,.wav,844588,32000,13.19546875,1,PCM_16,1,fake,0.05623487010598183,0.44836246967315674,0.019114583333333334
Fake_Audios\fake_027.wav,fake_027.wav,.wav,745516,32000,11.64746875,1,PCM_16,1,fake,0.13318368792533875,0.7440963983535767,0.016208333333333335
Fake_Audios\fake_028.wav,fake_028.wav,.wav,740908,32000,11.57546875,1,PCM_16,1,fake,0.14327731728553772,0.7994589805603027,0.019229166666666665
Fake_Audios\fake_029.wav,fake_029.wav,.wav,796204,32000,12.43946875,1,PCM_16,1,fake,0.07919695973396301,0.664655327796936,0.025125
Fake_Audios\fake_030.wav,fake_030.wav,.wav,819244,32000,12.79946875,1,PCM_16,1,fake,0.08710025995969772,0.5594865083694458,0.024854166666666667
Fake_Audios\fake_031.wav,fake_031.wav,.wav,681004,32000,10.63946875,1,PCM_16,1,fake,0.07670769095420837,0.4277368187904358,0.020583333333333332
Fake_Audios\fake_032.wav,fake_032.wav,.wav,782380,32000,12.22346875,1,PCM_16,1,fake,0.16327255964279175,0.9439289569854736,0.030166666666666668
Fake_Audios\fake_033.wav,fake_033.wav,.wav,738604,32000,11.53946875,1,PCM_16,1,fake,0.18088220059871674,0.9259017109870911,0.015354166666666667
Fake_Audios\fake_034.wav,fake_034.wav,.wav,715564,32000,11.17946875,1,PCM_16,1,fake,0.016570186242461205,0.14778931438922882,0.035416666666666666
Fake_Audios\fake_035.wav,fake_035.wav,.wav,2346796,32000,36.66746875,1,PCM_16,1,fake,0.06420677900314331,0.3772226572036743,0.020604166666666666
Fake_Audios\fake_036.wav,fake_036.wav,.wav,623404,32000,9.73946875,1,PCM_16,1,fake,0.05970370024442673,0.4797835350036621,0.021854166666666668
Fake_Audios\fake_037.wav,fake_037.wav,.wav,952876,32000,14.88746875,1,PCM_16,1,fake,0.13799744844436646,0.9523410201072693,0.0201875
Fake_Audios\fake_038.wav,fake_038.wav,.wav,897580,32000,14.02346875,1,PCM_16,1,fake,0.12603610754013062,0.757556676864624,0.027885416666666666
Fake_Audios\fake_039.wav,fake_039.wav,.wav,780076,32000,12.18746875,1,PCM_16,1,fake,0.13562428951263428,0.820152759552002,0.022239583333333333
Fake_Audios\fake_040.wav,fake_040.wav,.wav,1404460,24000,29.257958333333335,1,PCM_16,1,fake,0.1181521937251091,0.673320472240448,0.058291666666666665
Fake_Audios\fake_041.wav,fake_041.wav,.wav,890478,48000,9.275,1,PCM_16,1,fake,0.1401757448911667,0.6383804082870483,0.09394791666666667
Fake_Audios\fake_042.wav,fake_042.wav,.wav,430248,24000,8.961875,1,PCM_16,1,fake,0.1141713559627533,0.6461701393127441,0.064875
Fake_Audios\fake_043.wav,fake_043.wav,.wav,897678,48000,9.35,1,PCM_16,1,fake,0.10574301332235336,0.515514075756073,0.03590625
Fake_Audios\fake_044.wav,fake_044.wav,.wav,949278,48000,9.8875,1,PCM_16,1,fake,0.14724116027355194,0.6833182573318481,0.08955208333333334
Fake_Audios\fake_045.wav,fake_045.wav,.wav,993678,48000,10.35,1,PCM_16,1,fake,0.10335515439510345,0.6174604892730713,0.049541666666666664
Fake_Audios\fake_046.wav,fake_046.wav,.wav,979278,48000,10.2,1,PCM_16,1,fake,0.08591412007808685,0.4911006987094879,0.029895833333333333
Fake_Audios\fake_047.wav,fake_047.wav,.wav,882078,48000,9.1875,1,PCM_16,1,fake,0.09939578175544739,0.591842770576477,0.06661458333333334
Fake_Audios\fake_048.wav,fake_048.wav,.wav,985278,48000,10.2625,1,PCM_16,1,fake,0.1364459991455078,0.6288583278656006,0.10995833333333334
Fake_Audios\fake_049.wav,fake_049.wav,.wav,421804,24000,8.785958333333333,1,PCM_16,1,fake,0.10033933818340302,0.6126326322555542,0.0441875
Fake_Audios\fake_050.wav,fake_050.wav,.wav,1112478,48000,11.5875,1,PCM_16,1,fake,0.1420316845178604,0.7105963230133057,0.05429166666666667
Fake_Audios\fake_051.wav,fake_051.wav,.wav,871278,48000,9.075,1,PCM_16,1,fake,0.0940679982304573,0.5173253417015076,0.16286458333333334
Fake_Audios\fake_052.wav,fake_052.wav,.wav,426096,24000,8.875375,1,PCM_16,1,fake,0.1204845979809761,0.5889726877212524,0.07394791666666667
Fake_Audios\fake_053.wav,fake_053.wav,.wav,430238,24000,8.961666666666666,1,PCM_16,1,fake,0.11907943338155746,0.7428302764892578,0.058958333333333335
Fake_Audios\fake_054.wav,fake_054.wav,.wav,379878,24000,7.9125,1,PCM_16,1,fake,0.06769582629203796,0.32498133182525635,0.009447916666666667
Fake_Audios\fake_055.wav,fake_055.wav,.wav,424108,24000,8.833958333333333,1,PCM_16,1,fake,0.12430891394615173,0.7264920473098755,0.07396875
Fake_Audios\fake_056.wav,fake_056.wav,.wav,891678,48000,9.2875,1,PCM_16,1,fake,0.1195075735449791,0.606124222278595,0.06304166666666666
Fake_Audios\fake_057.wav,fake_057.wav,.wav,888078,48000,9.25,1,PCM_16,1,fake,0.08643752336502075,0.49802905321121216,0.034104166666666665
Fake_Audios\fake_058.wav,fake_058.wav,.wav,817278,48000,8.5125,1,PCM_16,1,fake,0.08497679978609085,0.5172337889671326,0.038010416666666665
Fake_Audios\fake_059.wav,fake_059.wav,.wav,2775678,48000,28.9125,1,PCM_16,1,fake,0.09383822232484818,0.5241153240203857,0.16559375
Fake_Audios\fake_060.wav,fake_060.wav,.wav,842284,32000,13.15946875,1,PCM_16,1,fake,0.23623880743980408,0.9588717222213745,0.016927083333333332
Fake_Audios\fake_061.wav,fake_061.wav,.wav,754732,32000,11.79146875,1,PCM_16,1,fake,0.14100012183189392,0.8155463933944702,0.019572916666666666
Fake_Audios\fake_062.wav,fake_062.wav,.wav,708652,32000,11.07146875,1,PCM_16,1,fake,0.08555833995342255,0.43696075677871704,0.020083333333333335
Fake_Audios\fake_063.wav,fake_063.wav,.wav,1699278,48000,17.7,1,PCM_16,1,fake,0.052039679139852524,0.5654504299163818,0.19172916666666667
Fake_Audios\fake_064.wav,fake_064.wav,.wav,1824078,48000,19.0,1,PCM_16,1,fake,0.05411595106124878,0.5354905128479004,0.2716875
Fake_Audios\fake_065.wav,fake_065.wav,.wav,780076,32000,12.18746875,1,PCM_16,1,fake,0.11311443895101547,0.9013496041297913,0.02228125
Fake_Audios\fake_066.wav,fake_066.wav,.wav,2121004,32000,33.13946875,1,PCM_16,1,fake,0.04517627879977226,0.37658819556236267,0.020645833333333332
Fake_Audios\fake_067.wav,fake_067.wav,.wav,807724,32000,12.61946875,1,PCM_16,1,fake,0.04870176687836647,0.3728642463684082,0.04022916666666667
Fake_Audios\fake_068.wav,fake_068.wav,.wav,1059678,48000,11.0375,1,PCM_16,1,fake,0.11176533997058868,0.7387205362319946,0.1705
Fake_Audios\fake_069.wav,fake_069.wav,.wav,554190,24000,11.544,1,PCM_16,1,fake,0.13943777978420258,0.6643583178520203,0.023125
Fake_Audios\fake_070.wav,fake_070.wav,.wav,529062,24000,11.0205,1,PCM_16,1,fake,0.06681916117668152,0.6909512281417847,0.12516666666666668
Fake_Audios\fake_071.wav,fake_071.wav,.wav,530470,24000,11.049833333333334,1,PCM_16,1,fake,0.11666491627693176,0.6064149141311646,0.14038541666666668
Fake_Audios\fake_072.wav,fake_072.wav,.wav,645558,24000,13.4475,1,PCM_16,1,fake,0.11300363391637802,0.697848379611969,0.07470833333333333
Fake_Audios\fake_073.wav,fake_073.wav,.wav,494286,24000,10.296,1,PCM_16,1,fake,0.06379936635494232,0.5463151335716248,0.03276041666666667
Fake_Audios\fake_074.wav,fake_074.wav,.wav,569186,24000,11.856416666666666,1,PCM_16,1,fake,0.07335160672664642,0.605595588684082,0.12092708333333334
Fake_Audios\fake_075.wav,fake_075.wav,.wav,767150,24000,15.980666666666666,1,PCM_16,1,fake,0.08525992929935455,0.6461172103881836,0.07241666666666667
Fake_Audios\fake_076.wav,fake_076.wav,.wav,765710,24000,15.950666666666667,1,PCM_16,1,fake,0.08506681025028229,0.6454322934150696,0.07310416666666666
Fake_Audios\fake_077.wav,fake_077.wav,.wav,484308,24000,10.088125,1,PCM_16,1,fake,0.17680177092552185,0.7056385278701782,0.029791666666666668
Fake_Audios\fake_078.wav,fake_078.wav,.wav,474636,24000,9.886625,1,PCM_16,1,fake,0.09820947051048279,0.6912832856178284,0.021427083333333333
Fake_Audios\fake_079.wav,fake_079.wav,.wav,1212558,48000,12.63,1,PCM_16,1,fake,0.11147601157426834,0.7023115158081055,0.07116666666666667
Fake_Audios\fake_080.wav,fake_080.wav,.wav,1212558,48000,12.63,1,PCM_16,1,fake,0.11147601157426834,0.7023115158081055,0.07116666666666667
Fake_Audios\fake_081.wav,fake_081.wav,.wav,507594,24000,10.57325,1,PCM_16,1,fake,0.1106623187661171,0.685936689376831,0.04914583333333333
Fake_Audios\fake_082.wav,fake_082.wav,.wav,589902,24000,12.288,1,PCM_16,1,fake,0.09169543534517288,0.6498751640319824,0.07759375
Fake_Audios\fake_083.wav,fake_083.wav,.wav,568878,24000,11.85,1,PCM_16,1,fake,0.0966479703783989,0.68378746509552,0.0653125
Fake_Audios\fake_084.wav,fake_084.wav,.wav,662572,32000,10.35146875,1,PCM_16,1,fake,0.045307617634534836,0.36241093277931213,0.022583333333333334
Fake_Audios\fake_085.wav,fake_085.wav,.wav,664876,32000,10.38746875,1,PCM_16,1,fake,0.11413776129484177,0.6869796514511108,0.013791666666666667
Fake_Audios\fake_086.wav,fake_086.wav,.wav,770860,32000,12.04346875,1,PCM_16,1,fake,0.12009779363870621,0.760688066482544,0.0208125
Fake_Audios\fake_087.wav,fake_087.wav,.wav,329988,32000,5.15484375,1,PCM_16,1,fake,0.11994010955095291,0.8175172209739685,0.030541477727393972
Fake_Audios\fake_088.wav,fake_088.wav,.wav,318842,32000,4.9806875,1,PCM_16,1,fake,0.08031699806451797,0.5899294018745422,0.01538442233125447
Fake_Audios\fake_089.wav,fake_089.wav,.wav,1885996,32000,29.46746875,1,PCM_16,1,fake,0.16935837268829346,0.9421652555465698,0.019135416666666665
Fake_Audios\fake_090.wav,fake_090.wav,.wav,1856044,32000,28.99946875,1,PCM_16,1,fake,0.0873294323682785,0.5479648113250732,0.02009375
Fake_Audios\fake_091.wav,fake_091.wav,.wav,1738540,32000,27.16346875,1,PCM_16,1,fake,0.11984570324420929,0.6628779172897339,0.014229166666666666
Fake_Audios\fake_092.wav,fake_092.wav,.wav,2579500,32000,40.30346875,1,PCM_16,1,fake,0.13758784532546997,0.9470058679580688,0.0174375
Fake_Audios\fake_093.wav,fake_093.wav,.wav,2692396,32000,42.06746875,1,PCM_16,1,fake,0.1323939859867096,0.9536927938461304,0.018416666666666668
Fake_Audios\fake_094.wav,fake_094.wav,.wav,3275308,32000,51.17546875,1,PCM_16,1,fake,0.011692608706653118,0.22450773417949677,0.022875
Fake_Audios\fake_095.wav,fake_095.wav,.wav,3328300,32000,52.00346875,1,PCM_16,1,fake,0.023555276915431023,0.20381340384483337,0.022927083333333334
Fake_Audios\fake_096.wav,fake_096.wav,.wav,2673964,32000,41.77946875,1,PCM_16,1,fake,0.037402283400297165,0.39802443981170654,0.02025
Fake_Audios\fake_097.wav,fake_097.wav,.wav,2461996,32000,38.46746875,1,PCM_16,1,fake,0.11772610247135162,0.6561094522476196,0.016479166666666666
Fake_Audios\fake_098.wav,fake_098.wav,.wav,3109420,32000,48.58346875,1,PCM_16,1,fake,0.10361088812351227,0.6698090434074402,0.08582291666666667
Fake_Audios\fake_099.wav,fake_099.wav,.wav,3104812,32000,48.51146875,1,PCM_16,1,fake,0.11282363533973694,0.8611285090446472,0.0209375
Fake_Audios\fake_100.wav,fake_100.wav,.wav,1526572,32000,23.85146875,1,PCM_16,1,fake,0.17832471430301666,0.9613608717918396,0.017989583333333333
Fake_Audios\fake_101.wav,fake_101.wav,.wav,2021932,32000,31.59146875,1,PCM_16,1,fake,0.1732187569141388,0.9029022455215454,0.01765625
Fake_Audios\fake_102.wav,fake_102.wav,.wav,2796076,32000,43.68746875,1,PCM_16,1,fake,0.09531164169311523,0.6169027090072632,0.019552083333333335
Fake_Audios\fake_103.wav,fake_103.wav,.wav,5092878,48000,53.05,1,PCM_16,1,fake,0.1110929399728775,0.6119611263275146,0.09847916666666667
Fake_Audios\fake_104.wav,fake_104.wav,.wav,5638878,48000,58.7375,1,PCM_16,1,fake,0.10426577180624008,0.6398806571960449,0.11048958333333334
Fake_Audios\fake_105.wav,fake_105.wav,.wav,3775278,48000,39.325,1,PCM_16,1,fake,0.0909753292798996,0.5834641456604004,0.17955208333333333
Fake_Audios\fake_106.wav,fake_106.wav,.wav,1753878,24000,36.5375,1,PCM_16,1,fake,0.06741821020841599,0.3108515441417694,0.07508333333333334
Fake_Audios\fake_107.wav,fake_107.wav,.wav,4035678,48000,42.0375,1,PCM_16,1,fake,0.09585415571928024,0.563481330871582,0.225625
Fake_Audios\fake_108.wav,fake_108.wav,.wav,4683678,48000,48.7875,1,PCM_16,1,fake,0.1567172110080719,0.6603590250015259,0.0975
Fake_Audios\fake_109.wav,fake_109.wav,.wav,5097678,48000,53.1,1,PCM_16,1,fake,0.08906240016222,0.60709148645401,0.13886458333333335
Fake_Audios\fake_110.wav,fake_110.wav,.wav,2399908,24000,49.99645833333334,1,PCM_16,1,fake,0.11252634227275848,0.5941341519355774,0.14195833333333333
Fake_Audios\fake_111.wav,fake_111.wav,.wav,4519278,48000,47.075,1,PCM_16,1,fake,0.11450091004371643,0.5694409608840942,0.01771875
Fake_Audios\fake_112.wav,fake_112.wav,.wav,4519278,48000,47.075,1,PCM_16,1,fake,0.11450091004371643,0.5694409608840942,0.01771875
Fake_Audios\fake_113.wav,fake_113.wav,.wav,5335278,48000,55.575,1,PCM_16,1,fake,0.08874373883008957,0.6269286870956421,0.042770833333333334
Fake_Audios\fake_114.wav,fake_114.wav,.wav,724780,32000,11.32346875,1,PCM_16,1,fake,0.05153270065784454,0.416673481464386,0.01971875
Fake_Audios\fake_115.wav,fake_115.wav,.wav,564558,44100,6.4,1,PCM_16,1,fake,0.07464292645454407,0.4584590494632721,0.01609375
Fake_Audios\fake_116.wav,fake_116.wav,.wav,589902,44100,6.6873469387755105,1,PCM_16,1,fake,0.10169411450624466,0.7314572334289551,0.023822916666666666
Fake_Audios\fake_117.wav,fake_117.wav,.wav,801870,44100,9.09061224489796,1,PCM_16,1,fake,0.09135060757398605,0.6649490594863892,0.03977083333333333
Fake_Audios\fake_118.wav,fake_118.wav,.wav,843342,44100,9.560816326530611,1,PCM_16,1,fake,0.18432079255580902,0.9104694724082947,0.04745833333333333
Fake_Audios\fake_119.wav,fake_119.wav,.wav,707406,44100,8.019591836734694,1,PCM_16,1,fake,0.11354095488786697,0.7588009238243103,0.023125
Fake_Audios\fake_120.wav,fake_120.wav,.wav,838734,44100,9.508571428571429,1,PCM_16,1,fake,0.106996089220047,0.605923056602478,0.02009375
Fake_Audios\fake_121.wav,fake_121.wav,.wav,785742,44100,8.907755102040817,1,PCM_16,1,fake,0.09875662624835968,0.42973434925079346,0.01596875
Fake_Audios\fake_122.wav,fake_122.wav,.wav,900942,44100,10.213877551020408,1,PCM_16,1,fake,0.19070564210414886,0.8653671741485596,0.026583333333333334
Fake_Audios\fake_123.wav,fake_123.wav,.wav,859470,44100,9.743673469387755,1,PCM_16,1,fake,0.13213743269443512,0.7975279092788696,0.018135416666666668
Fake_Audios\fake_124.wav,fake_124.wav,.wav,1129038,44100,12.8,1,PCM_16,1,fake,0.17899943888187408,0.8811175227165222,0.024802083333333332
Fake_Audios\fake_125.wav,fake_125.wav,.wav,912462,44100,10.344489795918367,1,PCM_16,1,fake,0.02832779288291931,0.21654358506202698,0.048791666666666664
Fake_Audios\fake_126.wav,fake_126.wav,.wav,887118,44100,10.057142857142857,1,PCM_16,1,fake,0.061014700680971146,0.6289986968040466,0.0221875
Fake_Audios\fake_127.wav,fake_127.wav,.wav,765006,44100,8.672653061224489,1,PCM_16,1,fake,0.1195642426609993,0.7759226560592651,0.04384375
Fake_Audios\fake_128.wav,fake_128.wav,.wav,801870,44100,9.09061224489796,1,PCM_16,1,fake,0.17032910883426666,0.9412120580673218,0.015541666666666667
Fake_Audios\fake_129.wav,fake_129.wav,.wav,822606,44100,9.325714285714286,1,PCM_16,1,fake,0.18763388693332672,0.8850539922714233,0.011302083333333334
Fake_Audios\fake_130.wav,fake_130.wav,.wav,716622,44100,8.124081632653061,1,PCM_16,1,fake,0.1781712770462036,0.8747479915618896,0.0188125
Fake_Audios\fake_131.wav,fake_131.wav,.wav,748878,44100,8.489795918367347,1,PCM_16,1,fake,0.08173899352550507,0.6027873158454895,0.0261875
Fake_Audios\fake_132.wav,fake_132.wav,.wav,2642478,48000,27.525,1,PCM_16,1,fake,0.08430775254964828,0.7048641443252563,0.03995833333333333
Fake_Audios\fake_133.wav,fake_133.wav,.wav,1276494,48000,13.296,1,PCM_16,1,fake,0.08213160932064056,0.5020529627799988,0.22030208333333334
Fake_Audios\fake_134.wav,fake_134.wav,.wav,1209678,48000,12.6,1,PCM_16,1,fake,0.08566197752952576,0.5781151652336121,0.20157291666666666
Fake_Audios\fake_135.wav,fake_135.wav,.wav,1320078,48000,13.75,1,PCM_16,1,fake,0.04971522465348244,0.5212782621383667,0.16569791666666667
Fake_Audios\fake_136.wav,fake_136.wav,.wav,1327182,48000,13.824,1,PCM_16,1,fake,0.09534884989261627,0.827898383140564,0.238625
Fake_Audios\fake_137.wav,fake_137.wav,.wav,1262478,48000,13.15,1,PCM_16,1,fake,0.06288374215364456,0.500207781791687,0.26584375
Fake_Audios\fake_138.wav,fake_138.wav,.wav,1103694,48000,11.496,1,PCM_16,1,fake,0.09003326296806335,0.595927357673645,0.11566666666666667
Fake_Audios\fake_139.wav,fake_139.wav,.wav,1269680,48000,13.225020833333334,1,PCM_16,1,fake,0.07779030501842499,0.6411455869674683,0.20628125
Fake_Audios\fake_140.wav,fake_140.wav,.wav,1281678,48000,13.35,1,PCM_16,1,fake,0.06413379311561584,0.6722996234893799,0.16194791666666666
Fake_Audios\fake_141.wav,fake_141.wav,.wav,1281678,48000,13.35,1,PCM_16,1,fake,0.05621795356273651,0.5254594087600708,0.15757291666666667
Fake_Audios\fake_142.wav,fake_142.wav,.wav,1387278,48000,14.45,1,PCM_16,1,fake,0.057372674345970154,0.34502696990966797,0.26104166666666667
Fake_Audios\fake_143.wav,fake_143.wav,.wav,1446990,48000,15.072,1,PCM_16,1,fake,0.0824994444847107,0.567560076713562,0.19083333333333333
Fake_Audios\fake_144.wav,fake_144.wav,.wav,1230414,48000,12.816,1,PCM_16,1,fake,0.09297310560941696,0.5528643131256104,0.1076875
Fake_Audios\fake_145.wav,fake_145.wav,.wav,1356078,48000,14.125,1,PCM_16,1,fake,0.042415376752614975,0.6155208349227905,0.31915625
Fake_Audios\fake_146.wav,fake_146.wav,.wav,1158990,48000,12.072,1,PCM_16,1,fake,0.10825494676828384,0.6597109436988831,0.09836458333333334
Fake_Audios\fake_147.wav,fake_147.wav,.wav,2882478,48000,30.025,1,PCM_16,1,fake,0.042588889598846436,0.4412212371826172,0.11946875
Fake_Audios\fake_148.wav,fake_148.wav,.wav,1186638,48000,12.36,1,PCM_16,1,fake,0.09937448054552078,0.5981180667877197,0.10389583333333334
Fake_Audios\fake_149.wav,fake_149.wav,.wav,1186638,48000,12.36,1,PCM_16,1,fake,0.09937448054552078,0.5981180667877197,0.10389583333333334
Fake_Audios\fake_150.wav,fake_150.wav,.wav,1271886,48000,13.248,1,PCM_16,1,fake,0.09297845512628555,0.7692139744758606,0.21867708333333333
Fake_Audios\fake_151.wav,fake_151.wav,.wav,1218894,48000,12.696,1,PCM_16,1,fake,0.08832952380180359,0.677370548248291,0.2030625
Fake_Audios\fake_152.wav,fake_152.wav,.wav,1211982,48000,12.624,1,PCM_16,1,fake,0.08881239593029022,0.6108071804046631,0.22135416666666666
Fake_Audios\fake_153.wav,fake_153.wav,.wav,1198158,48000,12.48,1,PCM_16,1,fake,0.13125057518482208,0.5875899791717529,0.14495833333333333
Fake_Audios\fake_154.wav,fake_154.wav,.wav,1454478,48000,15.15,1,PCM_16,1,fake,0.039541080594062805,0.42236876487731934,0.2495
Fake_Audios\fake_155.wav,fake_155.wav,.wav,1186638,48000,12.36,1,PCM_16,1,fake,0.09937448054552078,0.5981180667877197,0.10389583333333334
Fake_Audios\fake_156.wav,fake_156.wav,.wav,1184334,48000,12.336,1,PCM_16,1,fake,0.08894844353199005,0.5569473505020142,0.20863541666666666
Fake_Audios\fake_157.wav,fake_157.wav,.wav,1238478,48000,12.9,1,PCM_16,1,fake,0.046821512281894684,0.5360288619995117,0.11934375
Fake_Audios\fake_158.wav,fake_158.wav,.wav,1198158,48000,12.48,1,PCM_16,1,fake,0.13125057518482208,0.5875899791717529,0.14495833333333333
Fake_Audios\fake_159.wav,fake_159.wav,.wav,1147470,48000,11.952,1,PCM_16,1,fake,0.10964437574148178,0.6593521237373352,0.1445625
Fake_Audios\fake_160.wav,fake_160.wav,.wav,1147470,48000,11.952,1,PCM_16,1,fake,0.10964437574148178,0.6593521237373352,0.1445625
Fake_Audios\fake_161.wav,fake_161.wav,.wav,1184334,48000,12.336,1,PCM_16,1,fake,0.08319272100925446,0.5402287244796753,0.23554166666666668
Fake_Audios\fake_162.wav,fake_162.wav,.wav,1308752,48000,13.632020833333334,1,PCM_16,1,fake,0.09737057983875275,0.5938500761985779,0.20842708333333335
Fake_Audios\fake_163.wav,fake_163.wav,.wav,1290318,48000,13.44,1,PCM_16,1,fake,0.08778838813304901,0.6297047138214111,0.18425
Fake_Audios\fake_164.wav,fake_164.wav,.wav,1193550,48000,12.432,1,PCM_16,1,fake,0.09700542688369751,0.8135385513305664,0.21508333333333332
Fake_Audios\fake_165.wav,fake_165.wav,.wav,1414734,48000,14.736,1,PCM_16,1,fake,0.08116356283426285,0.5687336921691895,0.2628125
Fake_Audios\fake_166.wav,fake_166.wav,.wav,1352526,48000,14.088,1,PCM_16,1,fake,0.07974295318126678,0.5686135292053223,0.21716666666666667
Fake_Audios\fake_167.wav,fake_167.wav,.wav,1400910,48000,14.592,1,PCM_16,1,fake,0.09745505452156067,0.5510439276695251,0.2536979166666667
Fake_Audios\fake_168.wav,fake_168.wav,.wav,1246542,48000,12.984,1,PCM_16,1,fake,0.0897824838757515,0.7371789216995239,0.23411458333333332
Fake_Audios\fake_169.wav,fake_169.wav,.wav,1495374,48000,15.576,1,PCM_16,1,fake,0.1348915547132492,0.7501124143600464,0.18792708333333333
Fake_Audios\fake_170.wav,fake_170.wav,.wav,1304142,48000,13.584,1,PCM_16,1,fake,0.11191524565219879,0.6558091640472412,0.17970833333333333
Fake_Audios\fake_171.wav,fake_171.wav,.wav,1400910,48000,14.592,1,PCM_16,1,fake,0.062422510236501694,0.7344540357589722,0.19234375
Fake_Audios\fake_172.wav,fake_172.wav,.wav,1329486,48000,13.848,1,PCM_16,1,fake,0.09306785464286804,0.5474647879600525,0.19519791666666667
Fake_Audios\fake_173.wav,fake_173.wav,.wav,1380174,48000,14.376,1,PCM_16,1,fake,0.07903047651052475,0.5951224565505981,0.19936458333333335
Fake_Audios\fake_174.wav,fake_174.wav,.wav,2647278,48000,27.575,1,PCM_16,1,fake,0.06020789220929146,0.46017521619796753,0.14790625
Fake_Audios\fake_175.wav,fake_175.wav,.wav,1542798,24000,32.14,1,PCM_16,1,fake,0.0876498818397522,0.4431286156177521,0.30484375
Fake_Audios\fake_176.wav,fake_176.wav,.wav,1348430,48000,14.045333333333334,1,PCM_16,1,fake,0.10224269330501556,0.5887583494186401,0.08002083333333333
Fake_Audios\fake_177.wav,fake_177.wav,.wav,1431374,48000,14.909333333333333,1,PCM_16,1,fake,0.09126721322536469,0.6464120149612427,0.086
Fake_Audios\fake_178.wav,fake_178.wav,.wav,776526,24000,16.176,1,PCM_16,1,fake,0.09099556505680084,0.5712864398956299,0.12983333333333333
Fake_Audios\fake_179.wav,fake_179.wav,.wav,857166,24000,17.856,1,PCM_16,1,fake,0.061424821615219116,0.5042688846588135,0.03760416666666667
Fake_Audios\fake_180.wav,fake_180.wav,.wav,525678,16000,16.425,1,PCM_16,1,fake,0.08031831681728363,0.556427001953125,0.016322916666666666
Fake_Audios\fake_181.wav,fake_181.wav,.wav,443918,16000,13.87,1,PCM_16,1,fake,0.18936090171337128,0.9033203125,0.026520833333333334
Fake_Audios\fake_182.wav,fake_182.wav,.wav,801870,24000,16.704,1,PCM_16,1,fake,0.0917864590883255,0.6762725114822388,0.026479166666666668
Fake_Audios\fake_183.wav,fake_183.wav,.wav,874446,24000,18.216,1,PCM_16,1,fake,0.06692736595869064,0.5370895862579346,0.02146875
Fake_Audios\fake_184.wav,fake_184.wav,.wav,936654,24000,19.512,1,PCM_16,1,fake,0.10448719561100006,0.5315935611724854,0.03210416666666667
Fake_Audios\fake_185.wav,fake_185.wav,.wav,861774,24000,17.952,1,PCM_16,1,fake,0.11340158432722092,0.6052930951118469,0.032979166666666664
Fake_Audios\fake_186.wav,fake_186.wav,.wav,777678,24000,16.2,1,PCM_16,1,fake,0.08527856320142746,0.7175068855285645,0.18136458333333333
Fake_Audios\fake_187.wav,fake_187.wav,.wav,540078,16000,16.875,1,PCM_16,1,fake,0.17357154190540314,0.79736328125,0.020958333333333332
Fake_Audios\fake_188.wav,fake_188.wav,.wav,613838,16000,19.18,1,PCM_16,1,fake,0.08881331980228424,0.43603515625,0.04934375
Fake_Audios\fake_189.wav,fake_189.wav,.wav,1000014,24000,20.832,1,PCM_16,1,fake,0.08929763734340668,0.6266650557518005,0.16609375
Fake_Audios\fake_190.wav,fake_190.wav,.wav,250800,8000,15.670125,1,PCM_16,1,fake,0.09350106120109558,0.8355995416641235,0.029666666666666668
Fake_Audios\fake_191.wav,fake_191.wav,.wav,808782,24000,16.848,1,PCM_16,1,fake,0.0711561068892479,0.46792876720428467,0.02828125
Fake_Audios\fake_192.wav,fake_192.wav,.wav,771918,24000,16.08,1,PCM_16,1,fake,0.08309593051671982,0.5237996578216553,0.13261458333333334
Fake_Audios\fake_193.wav,fake_193.wav,.wav,760398,24000,15.84,1,PCM_16,1,fake,0.09896646440029144,0.6578682661056519,0.16608333333333333
Fake_Audios\fake_194.wav,fake_194.wav,.wav,808782,24000,16.848,1,PCM_16,1,fake,0.10662488639354706,0.7205660343170166,0.08410416666666666
Fake_Audios\fake_195.wav,fake_195.wav,.wav,821454,24000,17.112,1,PCM_16,1,fake,0.07408629357814789,0.46686625480651855,0.11152083333333333
Fake_Audios\fake_196.wav,fake_196.wav,.wav,821454,24000,17.112,1,PCM_16,1,fake,0.07408629357814789,0.46686625480651855,0.11152083333333333
Fake_Audios\fake_197.wav,fake_197.wav,.wav,765006,24000,15.936,1,PCM_16,1,fake,0.10018820315599442,0.5440341234207153,0.07720833333333334
Fake_Audios\fake_198.wav,fake_198.wav,.wav,1284174,44100,14.55891156462585,1,PCM_16,1,fake,0.04820144549012184,0.2818759083747864,0.05491666666666667
Fake_Audios\fake_199.wav,fake_199.wav,.wav,1104846,24000,23.016,1,PCM_16,1,fake,0.14263208210468292,0.7656224966049194,0.16378125
Fake_Audios\fake_200.wav,fake_200.wav,.wav,943566,24000,19.656,1,PCM_16,1,fake,0.091298408806324,0.6407449245452881,0.17948958333333334
Fake_Audios\fake_201.wav,fake_201.wav,.wav,973518,24000,20.28,1,PCM_16,1,fake,0.1081480011343956,0.6780438423156738,0.154125
Fake_Audios\fake_202.wav,fake_202.wav,.wav,1020750,24000,21.264,1,PCM_16,1,fake,0.08656199276447296,0.6093855500221252,0.22520833333333334
Fake_Audios\fake_203.wav,fake_203.wav,.wav,922932,32000,14.41959375,1,PCM_16,1,fake,0.19797804951667786,0.933620810508728,0.018510416666666668
Fake_Audios\fake_204.wav,fake_204.wav,.wav,510414,24000,10.632,1,PCM_16,1,fake,0.09520591050386429,0.6568583846092224,0.20858333333333334
Fake_Audios\fake_205.wav,fake_205.wav,.wav,809934,24000,16.872,1,PCM_16,1,fake,0.04748404398560524,0.44341447949409485,0.11711458333333333
Fake_Audios\fake_206.wav,fake_206.wav,.wav,861774,24000,17.952,1,PCM_16,1,fake,0.08109904080629349,0.6623998880386353,0.18132291666666667
Fake_Audios\fake_207.wav,fake_207.wav,.wav,725306,24000,15.108916666666667,1,PCM_16,1,fake,0.076017364859581,0.500680148601532,0.06422916666666667
Fake_Audios\fake_208.wav,fake_208.wav,.wav,481770,16000,15.052875,1,PCM_16,1,fake,0.0546332485973835,0.334930419921875,0.06454166666666666
Fake_Audios\fake_209.wav,fake_209.wav,.wav,481770,16000,15.052875,1,PCM_16,1,fake,0.0546332485973835,0.334930419921875,0.06454166666666666
Fake_Audios\fake_210.wav,fake_210.wav,.wav,846798,24000,17.64,1,PCM_16,1,fake,0.07190976291894913,0.7570734024047852,0.11538541666666667
Fake_Audios\fake_211.wav,fake_211.wav,.wav,943566,24000,19.656,1,PCM_16,1,fake,0.091298408806324,0.6407449245452881,0.17948958333333334
Fake_Audios\fake_212.wav,fake_212.wav,.wav,231630,24000,4.824,1,PCM_16,1,fake,0.09706605970859528,0.5847148895263672,0.18726679104477612
Fake_Audios\fake_213.wav,fake_213.wav,.wav,1534878,48000,15.9875,1,PCM_16,1,fake,0.1174129769206047,0.6795343160629272,0.07003125
Fake_Audios\fake_214.wav,fake_214.wav,.wav,679998,24000,14.165,1,PCM_16,1,fake,0.06291375309228897,0.3820100426673889,0.07541666666666667
Fake_Audios\fake_215.wav,fake_215.wav,.wav,912462,24000,19.008,1,PCM_16,1,fake,0.08419682830572128,0.5978928208351135,0.3866875
Fake_Audios\fake_216.wav,fake_216.wav,.wav,923982,24000,19.248,1,PCM_16,1,fake,0.12065212428569794,0.7882616519927979,0.2674270833333333
Fake_Audios\fake_217.wav,fake_217.wav,.wav,1544478,48000,16.0875,1,PCM_16,1,fake,0.08554305136203766,0.6004636287689209,0.17328125
Fake_Audios\fake_218.wav,fake_218.wav,.wav,1394510,48000,14.525333333333334,1,PCM_16,1,fake,0.09498893469572067,0.6513104438781738,0.08052083333333333
Fake_Audios\fake_219.wav,fake_219.wav,.wav,699436,24000,14.569958333333334,1,PCM_16,1,fake,0.12276867032051086,0.6789990663528442,0.007291666666666667
Fake_Audios\fake_220.wav,fake_220.wav,.wav,1320078,48000,13.75,1,PCM_16,1,fake,0.09831102192401886,0.6637243032455444,0.11419791666666666
Fake_Audios\fake_221.wav,fake_221.wav,.wav,1359678,48000,14.1625,1,PCM_16,1,fake,0.1085401102900505,0.6227658987045288,0.08459375
Fake_Audios\fake_222.wav,fake_222.wav,.wav,696398,44100,7.894784580498866,1,PCM_16,1,fake,0.158334881067276,0.9589042663574219,0.019333333333333334
Fake_Audios\fake_223.wav,fake_223.wav,.wav,655438,44100,7.430385487528345,1,PCM_16,1,fake,0.17631609737873077,0.9571380615234375,0.009666666666666667
Fake_Audios\fake_224.wav,fake_224.wav,.wav,606286,44100,6.873106575963718,1,PCM_16,1,fake,0.1770453304052353,0.9732964634895325,0.00878125
Fake_Audios\fake_225.wav,fake_225.wav,.wav,489772,32000,7.65146875,1,PCM_16,1,fake,0.15007488429546356,0.9426316618919373,0.017114583333333332
Fake_Audios\fake_226.wav,fake_226.wav,.wav,487468,32000,7.61546875,1,PCM_16,1,fake,0.15333862602710724,0.9524846076965332,0.018947916666666665
Fake_Audios\fake_227.wav,fake_227.wav,.wav,554284,32000,8.65946875,1,PCM_16,1,fake,0.15222401916980743,0.9125745296478271,0.013677083333333333
Fake_Audios\fake_228.wav,fake_228.wav,.wav,667180,32000,10.42346875,1,PCM_16,1,fake,0.13365156948566437,0.9549022912979126,0.030833333333333334
Fake_Audios\fake_229.wav,fake_229.wav,.wav,1394510,48000,14.525333333333334,1,PCM_16,1,fake,0.09498893469572067,0.6513104438781738,0.08052083333333333
Fake_Audios\fake_230.wav,fake_230.wav,.wav,667180,32000,10.42346875,1,PCM_16,1,fake,0.13767464458942413,0.84765625,0.01090625
Fake_Audios\fake_231.wav,fake_231.wav,.wav,911404,32000,14.23946875,1,PCM_16,1,fake,0.14820998907089233,0.9454920887947083,0.028989583333333332
Fake_Audios\fake_232.wav,fake_232.wav,.wav,912462,24000,19.008,1,PCM_16,1,fake,0.07769765704870224,0.43629559874534607,0.207625
Fake_Audios\fake_233.wav,fake_233.wav,.wav,912462,24000,19.008,1,PCM_16,1,fake,0.07793993502855301,0.43433594703674316,0.20905208333333333
Fake_Audios\fake_234.wav,fake_234.wav,.wav,882510,24000,18.384,1,PCM_16,1,fake,0.07650700956583023,0.5585634708404541,0.2743541666666667
Fake_Audios\fake_235.wav,fake_235.wav,.wav,688206,44100,7.801904761904762,1,PCM_16,1,fake,0.08597903698682785,0.3628683090209961,0.015385416666666667
Fake_Audios\fake_236.wav,fake_236.wav,.wav,688206,44100,7.801904761904762,1,PCM_16,1,fake,0.07044444233179092,0.5090242624282837,0.021072916666666667
Fake_Audios\fake_237.wav,fake_237.wav,.wav,696398,44100,7.894784580498866,1,PCM_16,1,fake,0.06408654898405075,0.4294878840446472,0.01359375
Fake_Audios\fake_238.wav,fake_238.wav,.wav,584236,32000,9.12746875,1,PCM_16,1,fake,0.05399572476744652,0.3769663870334625,0.0124375
Fake_Audios\fake_239.wav,fake_239.wav,.wav,1927468,32000,30.11546875,1,PCM_16,1,fake,0.19672228395938873,0.8447631597518921,0.026135416666666668
Fake_Audios\fake_240.wav,fake_240.wav,.wav,386188,24000,8.043958333333334,1,PCM_16,1,fake,0.067217156291008,0.6635155081748962,0.054010416666666665
Fake_Audios\fake_241.wav,fake_241.wav,.wav,2692396,32000,42.06746875,1,PCM_16,1,fake,0.1323939859867096,0.9536927938461304,0.018416666666666668
Fake_Audios\fake_242.wav,fake_242.wav,.wav,708176,24000,14.752041666666667,1,PCM_16,1,fake,0.11044210940599442,0.6458479166030884,0.10420833333333333
Fake_Audios\fake_243.wav,fake_243.wav,.wav,2169388,32000,33.89546875,1,PCM_16,1,fake,0.05494784936308861,0.3997858166694641,0.020458333333333332
Fake_Audios\fake_244.wav,fake_244.wav,.wav,365132,24000,7.605291666666667,1,PCM_16,1,fake,0.08970213681459427,0.7142897248268127,0.048010416666666667
Fake_Audios\fake_245.wav,fake_245.wav,.wav,2927404,32000,45.73946875,1,PCM_16,1,fake,0.0557321161031723,0.49399110674858093,0.021916666666666668
Fake_Audios\fake_246.wav,fake_246.wav,.wav,403680,24000,8.408375,1,PCM_16,1,fake,0.08815205097198486,0.6860657334327698,0.05397916666666667
Fake_Audios\fake_247.wav,fake_247.wav,.wav,1971244,32000,30.79946875,1,PCM_16,1,fake,0.06128648668527603,0.5263525247573853,0.02509375
Fake_Audios\fake_248.wav,fake_248.wav,.wav,423538,24000,8.822083333333333,1,PCM_16,1,fake,0.10777803510427475,0.6964704990386963,0.021572916666666667
Fake_Audios\fake_249.wav,fake_249.wav,.wav,1379116,32000,21.54746875,1,PCM_16,1,fake,0.05635174363851547,0.4978352189064026,0.02240625
Fake_Audios\fake_250.wav,fake_250.wav,.wav,492640,24000,10.261708333333333,1,PCM_16,1,fake,0.09992187470197678,0.6870654821395874,0.0216875
Fake_Audios\fake_251.wav,fake_251.wav,.wav,1379116,32000,21.54746875,1,PCM_16,1,fake,0.05635174363851547,0.4978352189064026,0.02240625
Fake_Audios\fake_252.wav,fake_252.wav,.wav,413352,24000,8.609875,1,PCM_16,1,fake,0.11947409063577652,0.7583861351013184,0.0199375
Fake_Audios\fake_253.wav,fake_253.wav,.wav,2365228,32000,36.95546875,1,PCM_16,1,fake,0.05325484275817871,0.3396710157394409,0.026552083333333334
Fake_Audios\fake_254.wav,fake_254.wav,.wav,444590,24000,9.260666666666667,1,PCM_16,1,fake,0.08683272451162338,0.6920338273048401,0.055572916666666666
Fake_Audios\fake_255.wav,fake_255.wav,.wav,1844524,32000,28.81946875,1,PCM_16,1,fake,0.12281915545463562,0.7813667058944702,0.015916666666666666
Fake_Audios\fake_256.wav,fake_256.wav,.wav,392330,24000,8.171916666666666,1,PCM_16,1,fake,0.09784992784261703,0.6994409561157227,0.021677083333333333
Fake_Audios\fake_257.wav,fake_257.wav,.wav,3376684,32000,52.75946875,1,PCM_16,1,fake,0.11887678503990173,0.7807048559188843,0.019791666666666666
Fake_Audios\fake_258.wav,fake_258.wav,.wav,448538,24000,9.342916666666667,1,PCM_16,1,fake,0.08906618505716324,0.6868009567260742,0.022479166666666668
Fake_Audios\fake_259.wav,fake_259.wav,.wav,2293804,32000,35.83946875,1,PCM_16,1,fake,0.05391611158847809,0.31983011960983276,0.0846875
Fake_Audios\fake_260.wav,fake_260.wav,.wav,354434,24000,7.382416666666667,1,PCM_16,1,fake,0.08652657270431519,0.6963585019111633,0.020947916666666667
Fake_Audios\fake_261.wav,fake_261.wav,.wav,1625644,32000,25.39946875,1,PCM_16,1,fake,0.11393474042415619,0.9310238361358643,0.015885416666666666
Fake_Audios\fake_262.wav,fake_262.wav,.wav,370038,24000,7.7075,1,PCM_16,1,fake,0.10450639575719833,0.698257565498352,0.0205
Fake_Audios\fake_263.wav,fake_263.wav,.wav,884814,24000,18.432,1,PCM_16,1,fake,0.08094891905784607,0.7026861310005188,0.21867708333333333
Fake_Audios\fake_264.wav,fake_264.wav,.wav,671822,44100,7.616145124716553,1,PCM_16,1,fake,0.05792604386806488,0.581365168094635,0.00915625
Fake_Audios\fake_265.wav,fake_265.wav,.wav,647246,44100,7.337505668934241,1,PCM_16,1,fake,0.05445598065853119,0.40396198630332947,0.007489583333333333
Fake_Audios\fake_266.wav,fake_266.wav,.wav,663630,44100,7.523265306122449,1,PCM_16,1,fake,0.06857500970363617,0.5087646245956421,0.005760416666666666
Fake_Audios\fake_267.wav,fake_267.wav,.wav,1104846,24000,23.016,1,PCM_16,1,fake,0.14264929294586182,0.7705634832382202,0.16498958333333333
Fake_Audios\fake_268.wav,fake_268.wav,.wav,1020750,24000,21.264,1,PCM_16,1,fake,0.08640488237142563,0.5840916633605957,0.22880208333333332
Fake_Audios\fake_269.wav,fake_269.wav,.wav,958542,24000,19.968,1,PCM_16,1,fake,0.10088549554347992,0.6283782720565796,0.1936875
Fake_Audios\fake_270.wav,fake_270.wav,.wav,929742,24000,19.368,1,PCM_16,1,fake,0.08796271681785583,0.5551673173904419,0.23713541666666665
Fake_Audios\fake_271.wav,fake_271.wav,.wav,1676478,48000,17.4625,1,PCM_16,1,fake,0.10444647818803787,0.5956011414527893,0.2081875
Fake_Audios\fake_272.wav,fake_272.wav,.wav,896466,22050,20.32625850340136,1,PCM_16,1,fake,0.15962783992290497,0.9528844952583313,0.14245833333333333
Fake_Audios\fake_273.wav,fake_273.wav,.wav,1958478,48000,20.4,1,PCM_16,1,fake,0.1628287136554718,0.840210497379303,0.24083333333333334
Fake_Audios\fake_274.wav,fake_274.wav,.wav,865230,24000,18.024,1,PCM_16,1,fake,0.08517187833786011,0.6941571235656738,0.17375
Fake_Audios\fake_275.wav,fake_275.wav,.wav,974670,24000,20.304,1,PCM_16,1,fake,0.1585877239704132,0.8188648819923401,0.24760416666666665
Fake_Audios\fake_276.wav,fake_276.wav,.wav,415788,24000,8.660625,1,PCM_16,1,fake,0.052996329963207245,0.4362521171569824,0.17227083333333335
Fake_Audios\fake_277.wav,fake_277.wav,.wav,1495278,48000,15.575,1,PCM_16,1,fake,0.058361683040857315,0.46820738911628723,0.08161458333333334
Fake_Audios\fake_278.wav,fake_278.wav,.wav,499320,24000,10.400875,1,PCM_16,1,fake,0.05468536913394928,0.39134109020233154,0.15379166666666666
Fake_Audios\fake_279.wav,fake_279.wav,.wav,1497678,48000,15.6,1,PCM_16,1,fake,0.12723401188850403,0.6182661652565002,0.11819791666666667
Fake_Audios\fake_280.wav,fake_280.wav,.wav,499320,24000,10.400875,1,PCM_16,1,fake,0.05468536913394928,0.39134109020233154,0.15379166666666666
Fake_Audios\fake_281.wav,fake_281.wav,.wav,1596750,48000,16.632,1,PCM_16,1,fake,0.13317468762397766,0.649970293045044,0.11463541666666667
Fake_Audios\fake_282.wav,fake_282.wav,.wav,358352,24000,7.464041666666667,1,PCM_16,1,fake,0.1772053837776184,0.9853442311286926,0.01584375
Fake_Audios\fake_283.wav,fake_283.wav,.wav,1868622,48000,19.464,1,PCM_16,1,fake,0.0882420614361763,0.5600365400314331,0.23726041666666667
Fake_Audios\fake_284.wav,fake_284.wav,.wav,479458,24000,9.987083333333333,1,PCM_16,1,fake,0.09723594784736633,0.6738424897193909,0.16313541666666667
Fake_Audios\fake_285.wav,fake_285.wav,.wav,1960782,48000,20.424,1,PCM_16,1,fake,0.15843187272548676,0.8472564220428467,0.2510833333333333
Fake_Audios\fake_286.wav,fake_286.wav,.wav,503856,24000,10.495375,1,PCM_16,1,fake,0.06565452367067337,0.4346277117729187,0.16514583333333333
Fake_Audios\fake_287.wav,fake_287.wav,.wav,1834062,48000,19.104,1,PCM_16,1,fake,0.07795467972755432,0.4417611062526703,0.21094791666666668
Fake_Audios\fake_288.wav,fake_288.wav,.wav,497820,24000,10.369625,1,PCM_16,1,fake,0.175655335187912,0.9295421838760376,0.0708125
Fake_Audios\fake_289.wav,fake_289.wav,.wav,1774158,48000,18.48,1,PCM_16,1,fake,0.07646378874778748,0.550230085849762,0.2729479166666667
Fake_Audios\fake_290.wav,fake_290.wav,.wav,497820,24000,10.369625,1,PCM_16,1,fake,0.175655335187912,0.9295421838760376,0.0708125
Fake_Audios\fake_291.wav,fake_291.wav,.wav,1836366,48000,19.128,1,PCM_16,1,fake,0.08370521664619446,0.6123353838920593,0.38323958333333336
Fake_Audios\fake_292.wav,fake_292.wav,.wav,420348,24000,8.755625,1,PCM_16,1,fake,0.1112978607416153,0.6497263312339783,0.00734375
Fake_Audios\fake_293.wav,fake_293.wav,.wav,1857102,48000,19.344,1,PCM_16,1,fake,0.12166005373001099,0.808027982711792,0.273875
Fake_Audios\fake_294.wav,fake_294.wav,.wav,1005774,24000,20.952,1,PCM_16,1,fake,0.089353546500206,0.6480172276496887,0.16503125
Fake_Audios\fake_295.wav,fake_295.wav,.wav,420348,24000,8.755625,1,PCM_16,1,fake,0.1112978607416153,0.6497263312339783,0.00734375
Fake_Audios\fake_296.wav,fake_296.wav,.wav,1524078,48000,15.875,1,PCM_16,1,fake,0.05465426668524742,0.644794225692749,0.13383333333333333
Fake_Audios\fake_297.wav,fake_297.wav,.wav,612632,24000,12.761541666666666,1,PCM_16,1,fake,0.07195700705051422,0.4957694709300995,0.17182291666666666
Fake_Audios\fake_298.wav,fake_298.wav,.wav,1435278,48000,14.95,1,PCM_16,1,fake,0.0561673603951931,0.5589039325714111,0.11685416666666666
Fake_Audios\fake_299.wav,fake_299.wav,.wav,478796,24000,9.973291666666666,1,PCM_16,1,fake,0.07368620485067368,0.5498476028442383,0.07041666666666667
Fake_Audios\fake_300.wav,fake_300.wav,.wav,1610478,48000,16.775,1,PCM_16,1,fake,0.05779228359460831,0.6786823272705078,0.18358333333333332
Fake_Audios\fake_301.wav,fake_301.wav,.wav,556486,24000,11.591833333333334,1,PCM_16,1,fake,0.18694466352462769,0.9914118051528931,0.0744375
Fake_Audios\fake_302.wav,fake_302.wav,.wav,1586478,48000,16.525,1,PCM_16,1,fake,0.05816211551427841,0.6847350597381592,0.184875
Fake_Audios\fake_303.wav,fake_303.wav,.wav,546878,24000,11.391666666666667,1,PCM_16,1,fake,0.08693467825651169,0.5237706303596497,0.03340625
Fake_Audios\fake_304.wav,fake_304.wav,.wav,1509678,48000,15.725,1,PCM_16,1,fake,0.07252788543701172,0.6355811953544617,0.11723958333333333
Fake_Audios\fake_305.wav,fake_305.wav,.wav,546878,24000,11.391666666666667,1,PCM_16,1,fake,0.08693467825651169,0.5237706303596497,0.03340625
Fake_Audios\fake_306.wav,fake_306.wav,.wav,1921614,48000,20.016,1,PCM_16,1,fake,0.094247005879879,0.6330379247665405,0.17182291666666666
Fake_Audios\fake_307.wav,fake_307.wav,.wav,490602,24000,10.21925,1,PCM_16,1,fake,0.09202949702739716,0.5133337378501892,0.16007291666666668
Fake_Audios\fake_308.wav,fake_308.wav,.wav,1633614,48000,17.016,1,PCM_16,1,fake,0.09457666426897049,0.6285809278488159,0.08655208333333334
Fake_Audios\fake_309.wav,fake_309.wav,.wav,1429458,48000,14.889375,1,PCM_16,1,fake,0.13833284378051758,0.8741384148597717,0.020697916666666667
Fake_Audios\fake_310.wav,fake_310.wav,.wav,1520718,48000,15.84,1,PCM_16,1,fake,0.0988767072558403,0.5722151398658752,0.09569791666666666
Fake_Audios\fake_311.wav,fake_311.wav,.wav,1286700,48000,13.4023125,1,PCM_16,1,fake,0.12115554511547089,0.72843337059021,0.05621875
Fake_Audios\fake_312.wav,fake_312.wav,.wav,1579278,48000,16.45,1,PCM_16,1,fake,0.03183533623814583,0.30601251125335693,0.09438541666666667
Fake_Audios\fake_313.wav,fake_313.wav,.wav,860764,24000,17.930958333333333,1,PCM_16,1,fake,0.13229992985725403,0.674619197845459,0.036333333333333336
Fake_Audios\fake_314.wav,fake_314.wav,.wav,1005774,24000,20.952,1,PCM_16,1,fake,0.089353546500206,0.6480172276496887,0.16503125
Fake_Audios\fake_315.wav,fake_315.wav,.wav,1037404,24000,21.610958333333333,1,PCM_16,1,fake,0.13424435257911682,0.8374424576759338,0.0623125
Fake_Audios\fake_316.wav,fake_316.wav,.wav,845404,24000,17.610958333333333,1,PCM_16,1,fake,0.153349369764328,1.0026302337646484,0.078125
Fake_Audios\fake_317.wav,fake_317.wav,.wav,762844,24000,15.890958333333334,1,PCM_16,1,fake,0.14446763694286346,0.9893546104431152,0.027052083333333334
Fake_Audios\fake_318.wav,fake_318.wav,.wav,762844,24000,15.890958333333334,1,PCM_16,1,fake,0.14446763694286346,0.9893546104431152,0.027052083333333334
Fake_Audios\fake_319.wav,fake_319.wav,.wav,910684,24000,18.970958333333332,1,PCM_16,1,fake,0.12419585138559341,1.0100736618041992,0.07423958333333333
Fake_Audios\fake_320.wav,fake_320.wav,.wav,737884,24000,15.370958333333334,1,PCM_16,1,fake,0.17495238780975342,1.0087604522705078,0.0030729166666666665
Fake_Audios\fake_321.wav,fake_321.wav,.wav,620764,24000,12.930958333333333,1,PCM_16,1,fake,0.12740938365459442,0.8217802047729492,0.06477083333333333
Fake_Audios\fake_322.wav,fake_322.wav,.wav,543964,24000,11.330958333333333,1,PCM_16,1,fake,0.17335933446884155,0.9750741720199585,0.015541666666666667
Fake_Audios\fake_323.wav,fake_323.wav,.wav,511324,24000,10.650958333333334,1,PCM_16,1,fake,0.1310763955116272,0.973836362361908,0.10555208333333334
Fake_Audios\fake_324.wav,fake_324.wav,.wav,586204,24000,12.210958333333334,1,PCM_16,1,fake,0.1619091033935547,0.9220378398895264,0.034291666666666665
Fake_Audios\fake_325.wav,fake_325.wav,.wav,859470,24000,17.904,1,PCM_16,1,fake,0.10100076347589493,0.9309020638465881,0.13705208333333332
Fake_Audios\fake_326.wav,fake_326.wav,.wav,972124,24000,20.250958333333333,1,PCM_16,1,fake,0.12023258209228516,1.0261248350143433,0.031260416666666666
Fake_Audios\fake_327.wav,fake_327.wav,.wav,879964,24000,18.330958333333335,1,PCM_16,1,fake,0.1300765722990036,1.0148876905441284,0.02971875
Fake_Audios\fake_328.wav,fake_328.wav,.wav,893404,24000,18.610958333333333,1,PCM_16,1,fake,0.09120934456586838,0.8466864824295044,0.0606875
Fake_Audios\fake_329.wav,fake_329.wav,.wav,184398,24000,3.84,1,PCM_16,1,fake,0.10721556842327118,0.5200693011283875,0.029524739583333334
Fake_Audios\fake_330.wav,fake_330.wav,.wav,579628,32000,9.05546875,1,PCM_16,1,fake,0.052949730306863785,0.45725876092910767,0.021458333333333333
Fake_Audios\fake_331.wav,fake_331.wav,.wav,618796,32000,9.66746875,1,PCM_16,1,fake,0.04658899083733559,0.43356069922447205,0.017854166666666667
Fake_Audios\fake_332.wav,fake_332.wav,.wav,563500,32000,8.80346875,1,PCM_16,1,fake,0.04580894485116005,0.37383168935775757,0.018010416666666668
Fake_Audios\fake_333.wav,fake_333.wav,.wav,738604,32000,11.53946875,1,PCM_16,1,fake,0.04792092740535736,0.3875766694545746,0.023833333333333335
Fake_Audios\fake_334.wav,fake_334.wav,.wav,618796,32000,9.66746875,1,PCM_16,1,fake,0.04933997988700867,0.3896435499191284,0.017041666666666667
Fake_Audios\fake_335.wav,fake_335.wav,.wav,757036,32000,11.82746875,1,PCM_16,1,fake,0.051993709057569504,0.42299535870552063,0.023885416666666666
Fake_Audios\fake_336.wav,fake_336.wav,.wav,1172110,24000,24.417333333333332,1,PCM_16,1,fake,0.13464932143688202,1.0226690769195557,0.23963541666666666
Fake_Audios\fake_337.wav,fake_337.wav,.wav,937806,24000,19.536,1,PCM_16,1,fake,0.09101038426160812,0.539303183555603,0.1879375
Fake_Audios\fake_338.wav,fake_338.wav,.wav,835278,24000,17.4,1,PCM_16,1,fake,0.095637246966362,0.6660665273666382,0.1910625
Fake_Audios\fake_339.wav,fake_339.wav,.wav,887118,24000,18.48,1,PCM_16,1,fake,0.07998796552419662,0.5717350840568542,0.17561458333333332
Fake_Audios\fake_340.wav,fake_340.wav,.wav,882510,24000,18.384,1,PCM_16,1,fake,0.08292216807603836,0.5237326622009277,0.16638541666666667
Fake_Audios\fake_341.wav,fake_341.wav,.wav,1000014,24000,20.832,1,PCM_16,1,fake,0.08912695944309235,0.6232467889785767,0.16604166666666667
Fake_Audios\fake_342.wav,fake_342.wav,.wav,1020750,24000,21.264,1,PCM_16,1,fake,0.08640488237142563,0.5840916633605957,0.22880208333333332
Fake_Audios\fake_343.wav,fake_343.wav,.wav,1104846,24000,23.016,1,PCM_16,1,fake,0.14264929294586182,0.7705634832382202,0.16498958333333333
Fake_Audios\fake_344.wav,fake_344.wav,.wav,895182,24000,18.648,1,PCM_16,1,fake,0.08311005681753159,0.6690413951873779,0.18346875
Fake_Audios\fake_345.wav,fake_345.wav,.wav,1005774,24000,20.952,1,PCM_16,1,fake,0.08920041471719742,0.5998231172561646,0.16580208333333332
Fake_Audios\fake_346.wav,fake_346.wav,.wav,876750,24000,18.264,1,PCM_16,1,fake,0.09763329476118088,0.755095362663269,0.17979166666666666
Fake_Audios\fake_347.wav,fake_347.wav,.wav,890574,24000,18.552,1,PCM_16,1,fake,0.08540205657482147,0.6342529058456421,0.19239583333333332
Fake_Audios\fake_348.wav,fake_348.wav,.wav,760398,24000,15.84,1,PCM_16,1,fake,0.09896646440029144,0.6578682661056519,0.16608333333333333
Fake_Audios\fake_349.wav,fake_349.wav,.wav,821454,24000,17.112,1,PCM_16,1,fake,0.07408629357814789,0.46686625480651855,0.11152083333333333
Fake_Audios\fake_350.wav,fake_350.wav,.wav,821454,24000,17.112,1,PCM_16,1,fake,0.07408629357814789,0.46686625480651855,0.11152083333333333
Fake_Audios\fake_351.wav,fake_351.wav,.wav,856014,24000,17.832,1,PCM_16,1,fake,0.11833924055099487,0.8023500442504883,0.10821875
Fake_Audios\fake_352.wav,fake_352.wav,.wav,896334,24000,18.672,1,PCM_16,1,fake,0.12888303399085999,0.7708783149719238,0.12738541666666667
Fake_Audios\fake_353.wav,fake_353.wav,.wav,904398,24000,18.84,1,PCM_16,1,fake,0.10184533149003983,0.7550665736198425,0.13230208333333332
Fake_Audios\fake_354.wav,fake_354.wav,.wav,1081806,24000,22.536,1,PCM_16,1,fake,0.12836873531341553,0.8496947288513184,0.1345625
Fake_Audios\fake_355.wav,fake_355.wav,.wav,940110,24000,19.584,1,PCM_16,1,fake,0.070252925157547,0.5804420113563538,0.17308333333333334
Fake_Audios\fake_356.wav,fake_356.wav,.wav,1190478,48000,12.4,1,PCM_16,1,fake,0.053324490785598755,0.4614427089691162,0.027604166666666666
Fake_Audios\fake_357.wav,fake_357.wav,.wav,883278,48000,9.2,1,PCM_16,1,fake,0.0866474062204361,0.5224742889404297,0.017125
Fake_Audios\fake_358.wav,fake_358.wav,.wav,883278,48000,9.2,1,PCM_16,1,fake,0.08161892741918564,0.5752921104431152,0.02671875
Fake_Audios\fake_359.wav,fake_359.wav,.wav,883278,48000,9.2,1,PCM_16,1,fake,0.07635239511728287,0.5665501952171326,0.06533333333333333
Fake_Audios\fake_360.wav,fake_360.wav,.wav,883278,48000,9.2,1,PCM_16,1,fake,0.05651815980672836,0.35276317596435547,0.07817708333333333
Fake_Audios\fake_361.wav,fake_361.wav,.wav,883278,48000,9.2,1,PCM_16,1,fake,0.07806585729122162,0.5552687644958496,0.03328125
Fake_Audios\fake_362.wav,fake_362.wav,.wav,883278,48000,9.2,1,PCM_16,1,fake,0.06096702069044113,0.5071125626564026,0.02096875
Fake_Audios\fake_363.wav,fake_363.wav,.wav,883278,48000,9.2,1,PCM_16,1,fake,0.07853355258703232,0.576399564743042,0.08576041666666667
Fake_Audios\fake_364.wav,fake_364.wav,.wav,883278,48000,9.2,1,PCM_16,1,fake,0.04620624706149101,0.6386737823486328,0.05801041666666667
Fake_Audios\fake_365.wav,fake_365.wav,.wav,883278,48000,9.2,1,PCM_16,1,fake,0.05918997898697853,0.5577062368392944,0.052895833333333336
Fake_Audios\fake_366.wav,fake_366.wav,.wav,883278,48000,9.2,1,PCM_16,1,fake,0.07160358130931854,0.5705410242080688,0.02121875
Fake_Audios\fake_367.wav,fake_367.wav,.wav,1190478,48000,12.4,1,PCM_16,1,fake,0.06661194562911987,0.596167802810669,0.10285416666666666
Fake_Audios\fake_368.wav,fake_368.wav,.wav,1824078,48000,19.0,1,PCM_16,1,fake,0.05074426904320717,0.39012229442596436,0.03765625
Fake_Audios\fake_369.wav,fake_369.wav,.wav,1824078,48000,19.0,1,PCM_16,1,fake,0.05016252025961876,0.5144075155258179,0.057104166666666664
Fake_Audios\fake_370.wav,fake_370.wav,.wav,1509678,48000,15.725,1,PCM_16,1,fake,0.05022434517741203,0.5979000329971313,0.0721875
Fake_Audios\fake_371.wav,fake_371.wav,.wav,1339278,48000,13.95,1,PCM_16,1,fake,0.05130453780293465,0.5516297221183777,0.007177083333333333
Fake_Audios\fake_372.wav,fake_372.wav,.wav,878478,48000,9.15,1,PCM_16,1,fake,0.060958072543144226,0.5803602933883667,0.026739583333333334
Fake_Audios\fake_373.wav,fake_373.wav,.wav,883278,48000,9.2,1,PCM_16,1,fake,0.05798972398042679,0.4818914532661438,0.13413541666666667
Fake_Audios\fake_374.wav,fake_374.wav,.wav,883278,48000,9.2,1,PCM_16,1,fake,0.08584784716367722,0.5522805452346802,0.019125
Fake_Audios\fake_375.wav,fake_375.wav,.wav,1190478,48000,12.4,1,PCM_16,1,fake,0.07641978561878204,0.5368653535842896,0.04039583333333333
Fake_Audios\fake_376.wav,fake_376.wav,.wav,461776,22050,10.469342403628119,1,PCM_16,1,fake,0.09559842944145203,0.6273291110992432,0.09734375
Fake_Audios\fake_377.wav,fake_377.wav,.wav,494680,24000,10.304208333333333,1,PCM_16,1,fake,0.06897733360528946,0.49131304025650024,0.18891666666666668
Fake_Audios\fake_378.wav,fake_378.wav,.wav,494680,24000,10.304208333333333,1,PCM_16,1,fake,0.06897733360528946,0.49131304025650024,0.18891666666666668
Fake_Audios\fake_379.wav,fake_379.wav,.wav,505078,24000,10.520833333333334,1,PCM_16,1,fake,0.09988196939229965,0.5352177023887634,0.186875
Fake_Audios\fake_380.wav,fake_380.wav,.wav,337428,24000,7.028125,1,PCM_16,1,fake,0.17208907008171082,1.0109862089157104,0.07605208333333334
Fake_Audios\fake_381.wav,fake_381.wav,.wav,442054,24000,9.207833333333333,1,PCM_16,1,fake,0.029462875798344612,0.2067527174949646,0.06914583333333334
Fake_Audios\fake_382.wav,fake_382.wav,.wav,246410,24000,5.131916666666666,1,PCM_16,1,fake,0.046918414533138275,0.3428049683570862,0.13474443131858094
Fake_Audios\fake_383.wav,fake_383.wav,.wav,378832,24000,7.890708333333333,1,PCM_16,1,fake,0.05749015137553215,0.34710580110549927,0.20473958333333334
Fake_Audios\fake_384.wav,fake_384.wav,.wav,371512,24000,7.738208333333334,1,PCM_16,1,fake,0.059798065572977066,0.7073405981063843,0.061822916666666665
Fake_Audios\fake_385.wav,fake_385.wav,.wav,485986,24000,10.123083333333334,1,PCM_16,1,fake,0.1829570084810257,0.9583340883255005,0.11821875
Fake_Audios\fake_386.wav,fake_386.wav,.wav,296034,24000,6.16575,1,PCM_16,1,fake,0.08835602551698685,0.6528126001358032,0.11846875
Fake_Audios\fake_387.wav,fake_387.wav,.wav,411334,24000,8.567833333333333,1,PCM_16,1,fake,0.12027478218078613,0.7350571155548096,0.10148958333333333
Fake_Audios\fake_388.wav,fake_388.wav,.wav,749746,24000,15.618083333333333,1,PCM_16,1,fake,0.043718304485082626,0.18138128519058228,0.3198958333333333
Fake_Audios\fake_389.wav,fake_389.wav,.wav,494414,24000,10.298666666666668,1,PCM_16,1,fake,0.054354701191186905,0.3735475242137909,0.07747916666666667
Fake_Audios\fake_390.wav,fake_390.wav,.wav,467562,24000,9.73925,1,PCM_16,1,fake,0.11334510147571564,0.7809686660766602,0.20116666666666666
Fake_Audios\fake_391.wav,fake_391.wav,.wav,367262,24000,7.649666666666667,1,PCM_16,1,fake,0.07891438156366348,0.7802176475524902,0.17375
Fake_Audios\fake_392.wav,fake_392.wav,.wav,431924,24000,8.996791666666667,1,PCM_16,1,fake,0.09096520394086838,0.4888964295387268,0.0443125
Fake_Audios\fake_393.wav,fake_393.wav,.wav,462814,24000,9.640333333333333,1,PCM_16,1,fake,0.09625209122896194,0.702030599117279,0.048427083333333336
Fake_Audios\fake_394.wav,fake_394.wav,.wav,457832,24000,9.536541666666666,1,PCM_16,1,fake,0.07661750167608261,0.5274120569229126,0.49942708333333335
Fake_Audios\fake_395.wav,fake_395.wav,.wav,457832,24000,9.536541666666666,1,PCM_16,1,fake,0.07661750167608261,0.5274120569229126,0.49942708333333335
Fake_Audios\fake_396.wav,fake_396.wav,.wav,566002,24000,11.790083333333333,1,PCM_16,1,fake,0.0723012238740921,0.6969496011734009,0.1783125
Fake_Audios\fake_397.wav,fake_397.wav,.wav,392678,24000,8.179166666666667,1,PCM_16,1,fake,0.1116633340716362,0.8697802424430847,0.24213541666666666
Fake_Audios\fake_398.wav,fake_398.wav,.wav,450556,24000,9.384958333333334,1,PCM_16,1,fake,0.13842642307281494,0.7973448038101196,0.2543229166666667
Fake_Audios\fake_399.wav,fake_399.wav,.wav,580748,24000,12.097291666666667,1,PCM_16,1,fake,0.12296216189861298,0.8012039661407471,0.24975
Fake_Audios\fake_400.wav,fake_400.wav,.wav,434862,24000,9.058,1,PCM_16,1,fake,0.12763386964797974,0.7371118664741516,0.031447916666666666
Fake_Audios\fake_401.wav,fake_401.wav,.wav,408974,24000,8.518666666666666,1,PCM_16,1,fake,0.1364302933216095,0.7655659914016724,0.028572916666666667
Fake_Audios\fake_402.wav,fake_402.wav,.wav,379424,24000,7.903041666666667,1,PCM_16,1,fake,0.10802099853754044,0.6630033254623413,0.0181875
Fake_Audios\fake_403.wav,fake_403.wav,.wav,341836,24000,7.119958333333333,1,PCM_16,1,fake,0.060940854251384735,0.5952656865119934,0.31921875
Fake_Audios\fake_404.wav,fake_404.wav,.wav,386730,24000,8.05525,1,PCM_16,1,fake,0.07328011840581894,0.5496791005134583,0.13347916666666668
Fake_Audios\fake_405.wav,fake_405.wav,.wav,471118,24000,9.813333333333333,1,PCM_16,1,fake,0.15759171545505524,0.8145570158958435,0.10448958333333333
Fake_Audios\fake_406.wav,fake_406.wav,.wav,367262,24000,7.649666666666667,1,PCM_16,1,fake,0.07891438156366348,0.7802176475524902,0.17375
Fake_Audios\fake_407.wav,fake_407.wav,.wav,377106,24000,7.85475,1,PCM_16,1,fake,0.07447499781847,0.6398314237594604,0.36772916666666666
Fake_Audios\fake_408.wav,fake_408.wav,.wav,569842,24000,11.870083333333334,1,PCM_16,1,fake,0.09144627302885056,0.8498037457466125,0.06779166666666667
Fake_Audios\fake_409.wav,fake_409.wav,.wav,379424,24000,7.903041666666667,1,PCM_16,1,fake,0.10802099853754044,0.6630033254623413,0.0181875
Fake_Audios\fake_410.wav,fake_410.wav,.wav,407924,24000,8.496791666666667,1,PCM_16,1,fake,0.11358204483985901,0.6911665797233582,0.11705208333333333
Fake_Audios\fake_411.wav,fake_411.wav,.wav,381304,24000,7.942208333333333,1,PCM_16,1,fake,0.08522381633520126,0.6539620757102966,0.28410416666666666
Fake_Audios\fake_412.wav,fake_412.wav,.wav,386730,24000,8.05525,1,PCM_16,1,fake,0.07328011840581894,0.5496791005134583,0.13347916666666668
Fake_Audios\fake_413.wav,fake_413.wav,.wav,485454,24000,10.112,1,PCM_16,1,fake,0.10250017046928406,0.7042238712310791,0.32127083333333334
Fake_Audios\fake_414.wav,fake_414.wav,.wav,585482,24000,12.195916666666667,1,PCM_16,1,fake,0.08360413461923599,0.5752613544464111,0.1883125
Fake_Audios\fake_415.wav,fake_415.wav,.wav,485454,24000,10.112,1,PCM_16,1,fake,0.10250017046928406,0.7042238712310791,0.32127083333333334
Fake_Audios\fake_416.wav,fake_416.wav,.wav,581710,44100,6.594467120181406,1,PCM_16,1,fake,0.11856752634048462,0.857823371887207,0.04158333333333333
Fake_Audios\fake_417.wav,fake_417.wav,.wav,651342,44100,7.383945578231293,1,PCM_16,1,fake,0.05313161760568619,0.5153391361236572,0.03227083333333333
Fake_Audios\fake_418.wav,fake_418.wav,.wav,1859662,44100,21.083718820861677,1,PCM_16,1,fake,0.05864719673991203,0.368823766708374,0.01090625
Fake_Audios\fake_419.wav,fake_419.wav,.wav,1511502,44100,17.136326530612244,1,PCM_16,1,fake,0.03308781608939171,0.30660954117774963,0.037635416666666664
Fake_Audios\fake_420.wav,fake_420.wav,.wav,1626190,44100,18.436643990929706,1,PCM_16,1,fake,0.08465338498353958,0.47313159704208374,0.04875
Fake_Audios\fake_421.wav,fake_421.wav,.wav,1470542,44100,16.671927437641724,1,PCM_16,1,fake,0.08042027801275253,0.47393208742141724,0.07823958333333333
Fake_Audios\fake_422.wav,fake_422.wav,.wav,1179726,44100,13.374693877551021,1,PCM_16,1,fake,0.23692063987255096,0.9398131370544434,0.010354166666666666
Fake_Audios\fake_423.wav,fake_423.wav,.wav,1179726,44100,13.374693877551021,1,PCM_16,1,fake,0.23692063987255096,0.9398131370544434,0.010354166666666666
Fake_Audios\fake_424.wav,fake_424.wav,.wav,933966,44100,10.588299319727891,1,PCM_16,1,fake,0.10283513367176056,0.868722677230835,0.019572916666666666
Fake_Audios\fake_425.wav,fake_425.wav,.wav,933966,44100,10.588299319727891,1,PCM_16,1,fake,0.10283513367176056,0.868722677230835,0.019572916666666666
Fake_Audios\fake_426.wav,fake_426.wav,.wav,1740878,44100,19.736961451247165,1,PCM_16,1,fake,0.0864025354385376,0.4781070351600647,0.040072916666666666
Fake_Audios\fake_427.wav,fake_427.wav,.wav,979022,44100,11.099138321995465,1,PCM_16,1,fake,0.11356884241104126,0.9220498204231262,0.02859375
Fake_Audios\fake_428.wav,fake_428.wav,.wav,1888334,44100,21.408798185941045,1,PCM_16,1,fake,0.1657646894454956,0.8188223838806152,0.014114583333333333
Fake_Audios\fake_429.wav,fake_429.wav,.wav,1597518,44100,18.11156462585034,1,PCM_16,1,fake,0.014663380570709705,0.06609302014112473,0.06195833333333333
Fake_Audios\fake_430.wav,fake_430.wav,.wav,1675342,44100,18.99392290249433,1,PCM_16,1,fake,0.08362500369548798,0.8357011079788208,0.0057708333333333335
Fake_Audios\fake_431.wav,fake_431.wav,.wav,1470542,44100,16.671927437641724,1,PCM_16,1,fake,0.2266085296869278,0.9711179733276367,0.014208333333333333
